"1","?","0.468717485666275","0"
"2","?","0.43413156270980835","0"
"3","?","0.3966972827911377","0"
"4","?","0.3471101224422455","0"
"5","?","0.32559865713119507","0"
"6","?","0.32559865713119507","0"
"7","?","0.32559865713119507","0"
"8","?","0.32559865713119507","0"
"9","?","0.29752296209335327","0"
"10","?","0.29436159133911133","0"
"1","?","0.4307596683502197","0"
"2","?","0.19585643708705902","0"
"3","2","0.19585643708705902","0"
"4","?","0.19585643708705902","0"
"5","?","0.14689233899116516","0"
"6","29","0.13791826367378235","0"
"7","?","0.13791826367378235","0"
"8","?","0.13143432140350342","0"
"9","?","0.12233063578605652","0"
"10","?","0.1219036728143692","0"
"1","?","0.24460972845554352","0"
"2","?","0.236400306224823","0"
"3","?","0.2331152707338333","0"
"4","?","0.22024017572402954","0"
"5","?","0.20957621932029724","0"
"6","?","0.19377028942108154","0"
"7","?","0.13316217064857483","0"
"8","?","0.13270728290081024","0"
"9","?","0.13260594010353088","0"
"10","?","0.1315591037273407","0"
"1","16","0.40732434391975403","0"
"2","?","0.13734398782253265","0"
"3","?","0.13656504452228546","0"
"4","?","0.13148877024650574","0"
"5","?","0.1304309219121933","0"
"6","?","0.12601204216480255","0"
"7","?","0.1237282007932663","0"
"8","?","0.1189739853143692","0"
"9","?","0.11853863298892975","0"
"10","11","0.11563599854707718","0"
"1","11","1.2604331970214844","0"
"2","?","1.0828285217285156","0"
"3","?","1.0412094593048096","0"
"4","6","1.0218943357467651","0"
"5","?","0.7771674990653992","0"
"6","?","0.7271661162376404","0"
"7","?","0.6642138957977295","0"
"8","?","0.6302739381790161","0"
"9","?","0.6180727481842041","0"
"10","?","0.6096687316894531","0"
"1","?","0.20057949423789978","0"
"2","?","0.18944495916366577","0"
"3","?","0.18669982254505157","0"
"4","?","0.18291005492210388","0"
"5","?","0.17217764258384705","0"
"6","?","0.17212878167629242","0"
"7","?","0.1700294464826584","0"
"8","?","0.16863344609737396","0"
"9","?","0.16395728290081024","0"
"10","?","0.15974800288677216","0"
"1","?","0.4634661376476288","0"
"2","?","0.3785955309867859","0"
"3","?","0.3620193600654602","0"
"4","11","0.27995917201042175","0"
"5","?","0.26033449172973633","0"
"6","4","0.25826913118362427","0"
"7","?","0.2554256021976471","0"
"8","?","0.2531891167163849","0"
"9","?","0.24971921741962433","0"
"10","?","0.241731196641922","0"
"1","?","0.16109061241149902","0"
"2","?","0.14298483729362488","0"
"3","?","0.13670507073402405","0"
"4","?","0.1351313591003418","0"
"5","?","0.1306648850440979","0"
"6","?","0.12006102502346039","0"
"7","?","0.11586479097604752","0"
"8","?","0.11470866203308105","0"
"9","?","0.11307773739099503","0"
"10","?","0.10997999459505081","0"
"1","?","0.762866199016571","0"
"2","?","0.6537470817565918","0"
"3","?","0.6139675974845886","0"
"4","?","0.598949670791626","0"
"5","?","0.5679143071174622","0"
"6","?","0.5583786368370056","0"
"7","?","0.5580618381500244","0"
"8","?","0.5157802700996399","0"
"9","?","0.5043611526489258","0"
"10","?","0.5036481022834778","0"
"1","?","0.3681698739528656","0"
"2","?","0.3424077033996582","0"
"3","?","0.26545703411102295","0"
"4","?","0.210582435131073","0"
"5","?","0.2087235301733017","0"
"6","?","0.20684532821178436","0"
"7","?","0.19852681457996368","0"
"8","?","0.18035978078842163","0"
"9","?","0.16687631607055664","0"
"10","?","0.16429831087589264","0"
"1","17","0.4977676570415497","0"
"2","?","0.3376806378364563","0"
"3","?","0.3200263977050781","0"
"4","?","0.30783265829086304","0"
"5","7","0.30247631669044495","0"
"6","?","0.27093982696533203","0"
"7","?","0.268896222114563","1"
"8","?","0.2587360739707947","0"
"9","?","0.25515052676200867","0"
"10","?","0.2536357045173645","0"
"1","24","0.5936116576194763","0"
"2","4","0.5125569105148315","0"
"3","?","0.47958460450172424","0"
"4","?","0.37262675166130066","0"
"5","?","0.360921710729599","0"
"6","?","0.34243834018707275","0"
"7","?","0.3350025713443756","0"
"8","?","0.30458176136016846","0"
"9","?","0.2801314890384674","0"
"10","?","0.2517617344856262","0"
"1","?","0.27076271176338196","0"
"2","?","0.2400677651166916","0"
"3","?","0.23716233670711517","0"
"4","?","0.22581958770751953","0"
"5","?","0.21437396109104156","0"
"6","?","0.21349550783634186","0"
"7","?","0.19445520639419556","0"
"8","?","0.18861223757266998","0"
"9","?","0.17878255248069763","0"
"10","?","0.1766618937253952","0"
"1","?","0.48138394951820374","0"
"2","?","0.3197595477104187","0"
"3","?","0.3197595477104187","0"
"4","1","0.3197595477104187","0"
"5","24","0.3197595477104187","0"
"6","?","0.268403559923172","0"
"7","?","0.23249396681785583","0"
"8","?","0.22878819704055786","0"
"9","?","0.2240973562002182","0"
"10","?","0.2240973562002182","0"
"1","?","0.5311008095741272","0"
"2","2","0.33821919560432434","0"
"3","?","0.3355673551559448","0"
"4","35","0.30110254883766174","0"
"5","?","0.27945926785469055","0"
"6","?","0.2709974944591522","0"
"7","?","0.26945698261260986","0"
"8","?","0.26454561948776245","0"
"9","?","0.22392769157886505","0"
"10","7","0.22088521718978882","0"
"1","?","0.6071727871894836","0"
"2","?","0.307783842086792","0"
"3","?","0.2936670184135437","0"
"4","?","0.27364107966423035","0"
"5","?","0.239431232213974","0"
"6","?","0.2387475222349167","0"
"7","?","0.2370114028453827","0"
"8","3","0.2263590693473816","0"
"9","?","0.22620245814323425","0"
"10","?","0.22596806287765503","0"
"1","3","0.29256200790405273","0"
"2","?","0.18212422728538513","0"
"3","?","0.15988221764564514","0"
"4","?","0.15988221764564514","0"
"5","?","0.1507415771484375","0"
"6","?","0.1467525213956833","0"
"7","?","0.1277279257774353","0"
"8","?","0.1230149120092392","0"
"9","?","0.12296004593372345","0"
"10","?","0.12293805181980133","0"
"1","?","0.6248525381088257","0"
"2","?","0.5392633080482483","0"
"3","?","0.5392633080482483","0"
"4","?","0.5340732336044312","0"
"5","2","0.42652690410614014","0"
"6","?","0.37784773111343384","0"
"7","4","0.35991355776786804","0"
"8","?","0.34523651003837585","0"
"9","?","0.28612852096557617","0"
"10","?","0.2690604031085968","0"
"1","3","0.27461230754852295","0"
"2","?","0.252405047416687","0"
"3","?","0.18930378556251526","0"
"4","?","0.1550874412059784","0"
"5","?","0.13730615377426147","0"
"6","?","0.13385799527168274","0"
"7","?","0.1336737722158432","0"
"8","?","0.12824411690235138","0"
"9","?","0.12824411690235138","0"
"10","?","0.12662620842456818","0"
"1","?","1.2841414213180542","0"
"2","?","0.6367672085762024","0"
"3","?","0.5762735605239868","0"
"4","?","0.5578915476799011","1"
"5","?","0.5497492551803589","0"
"6","5","0.5482386946678162","0"
"7","?","0.5466911196708679","0"
"8","?","0.5357230305671692","0"
"9","?","0.5133498311042786","0"
"10","?","0.5101605653762817","0"
"1","?","0.7171205878257751","0"
"2","21","0.3085373342037201","0"
"3","?","0.29812225699424744","0"
"4","3","0.24273261427879333","0"
"5","?","0.19934649765491486","0"
"6","21","0.18793101608753204","0"
"7","?","0.17131052911281586","0"
"8","?","0.1610923856496811","0"
"9","?","0.15358702838420868","0"
"10","?","0.15199968218803406","0"
"1","3","1.0459479093551636","0"
"2","?","0.3598146140575409","0"
"3","39","0.33389148116111755","0"
"4","?","0.30337223410606384","0"
"5","1","0.25364646315574646","0"
"6","?","0.24650317430496216","0"
"7","?","0.2349855750799179","0"
"8","?","0.23072732985019684","0"
"9","?","0.21898247301578522","0"
"10","?","0.21250271797180176","0"
"1","?","0.44149893522262573","0"
"2","9","0.43924400210380554","0"
"3","?","0.30618035793304443","0"
"4","?","0.3017941117286682","0"
"5","?","0.27877330780029297","0"
"6","?","0.2578705847263336","0"
"7","?","0.2533128559589386","0"
"8","?","0.25178733468055725","0"
"9","?","0.2480066567659378","0"
"10","?","0.2464495301246643","0"
"1","?","0.19243444502353668","0"
"2","?","0.18564635515213013","0"
"3","?","0.18037471175193787","0"
"4","?","0.17566730082035065","0"
"5","?","0.17222747206687927","0"
"6","?","0.16547681391239166","0"
"7","?","0.15479005873203278","0"
"8","?","0.15377968549728394","0"
"9","?","0.14903336763381958","0"
"10","?","0.14449770748615265","0"
"1","?","0.5004058480262756","0"
"2","?","0.45229923725128174","0"
"3","?","0.4068460166454315","0"
"4","?","0.4068460166454315","0"
"5","?","0.4068460166454315","0"
"6","?","0.4068460166454315","0"
"7","?","0.37334489822387695","0"
"8","?","0.372155100107193","0"
"9","?","0.35312241315841675","0"
"10","?","0.3522798717021942","0"
"1","?","0.6087973117828369","0"
"2","?","0.5830011963844299","0"
"3","23","0.5511831045150757","0"
"4","?","0.5440385937690735","0"
"5","12","0.5094596147537231","0"
"6","?","0.5053428411483765","0"
"7","4","0.4570951759815216","0"
"8","6","0.4276247024536133","0"
"9","?","0.40977442264556885","0"
"10","6","0.3859644830226898","0"
"1","?","0.34480950236320496","0"
"2","?","0.20026446878910065","0"
"3","?","0.16762134432792664","0"
"4","?","0.16052910685539246","0"
"5","?","0.15468443930149078","0"
"6","?","0.15451478958129883","0"
"7","?","0.14580538868904114","0"
"8","?","0.14407239854335785","0"
"9","11","0.14010076224803925","0"
"10","?","0.13391782343387604","0"
"1","3","1.0619343519210815","0"
"2","?","0.6178508400917053","0"
"3","?","0.5842916965484619","0"
"4","?","0.5839042067527771","0"
"5","?","0.5725559592247009","0"
"6","16","0.5666313171386719","0"
"7","?","0.5422967672348022","0"
"8","?","0.538644552230835","0"
"9","?","0.5230498909950256","0"
"10","?","0.5171408653259277","0"
"1","?","0.4398067891597748","0"
"2","?","0.28735512495040894","0"
"3","?","0.2804698646068573","0"
"4","?","0.2683643400669098","0"
"5","?","0.2661515772342682","0"
"6","?","0.26241281628608704","0"
"7","?","0.2324720323085785","0"
"8","?","0.22577641904354095","0"
"9","?","0.22501130402088165","0"
"10","?","0.22405216097831726","0"
"1","2","0.25172966718673706","0"
"2","?","0.23661383986473083","0"
"3","?","0.20737068355083466","0"
"4","?","0.19936776161193848","0"
"5","?","0.19561052322387695","0"
"6","?","0.18740655481815338","0"
"7","?","0.1840357780456543","0"
"8","?","0.18329471349716187","0"
"9","5","0.18127767741680145","0"
"10","?","0.1734868437051773","0"
"1","?","0.21575243771076202","0"
"2","?","0.2132476419210434","0"
"3","?","0.20265553891658783","0"
"4","?","0.19578585028648376","0"
"5","?","0.1797092854976654","0"
"6","?","0.1761133372783661","0"
"7","?","0.16437596082687378","0"
"8","?","0.16407941281795502","0"
"9","6","0.16383856534957886","0"
"10","?","0.16316217184066772","0"
"1","5","1.2993652820587158","0"
"2","?","0.9456064105033875","0"
"3","?","0.6529989838600159","0"
"4","?","0.5327315926551819","0"
"5","?","0.4426693618297577","0"
"6","?","0.3938367962837219","0"
"7","?","0.3778528571128845","0"
"8","?","0.373534619808197","0"
"9","?","0.3408428728580475","0"
"10","?","0.33950600028038025","0"
"1","?","0.2835307717323303","0"
"2","8","0.2835046648979187","0"
"3","?","0.26420700550079346","0"
"4","?","0.2546297609806061","0"
"5","?","0.25030913949012756","0"
"6","?","0.2283720076084137","0"
"7","?","0.22366325557231903","0"
"8","?","0.22059978544712067","0"
"9","?","0.22001023590564728","0"
"10","?","0.21841312944889069","0"
"1","?","0.6612542867660522","0"
"2","?","0.3808601200580597","0"
"3","?","0.3774077892303467","0"
"4","2","0.35313642024993896","0"
"5","?","0.35313642024993896","0"
"6","?","0.32199037075042725","0"
"7","?","0.30875325202941895","0"
"8","?","0.3040145933628082","0"
"9","?","0.29785722494125366","0"
"10","2","0.2879251539707184","0"
"1","?","0.1451583206653595","0"
"2","?","0.14388974010944366","0"
"3","?","0.1397785097360611","0"
"4","?","0.1353270411491394","0"
"5","?","0.13194096088409424","0"
"6","?","0.12999819219112396","0"
"7","?","0.1282459795475006","0"
"8","?","0.12647926807403564","0"
"9","?","0.1247895210981369","0"
"10","?","0.12101542204618454","0"
"1","13","0.9115905165672302","0"
"2","?","0.6476112604141235","0"
"3","?","0.41506725549697876","0"
"4","?","0.2934391498565674","0"
"5","?","0.2384762316942215","0"
"6","?","0.17845983803272247","0"
"7","?","0.16862817108631134","0"
"8","?","0.1545698195695877","0"
"9","11","0.14951327443122864","0"
"10","?","0.14951327443122864","0"
"1","?","0.25401628017425537","0"
"2","?","0.16360481083393097","0"
"3","?","0.152975395321846","0"
"4","?","0.1479576677083969","0"
"5","?","0.1468086838722229","0"
"6","?","0.14088885486125946","0"
"7","?","0.13687516748905182","0"
"8","?","0.13579757511615753","0"
"9","?","0.13531430065631866","0"
"10","?","0.13459058105945587","0"
"1","?","0.24387182295322418","1"
"2","?","0.2264479249715805","0"
"3","?","0.207131490111351","0"
"4","?","0.18210802972316742","0"
"5","5","0.1665658950805664","0"
"6","?","0.12992364168167114","0"
"7","?","0.1298159956932068","0"
"8","?","0.12847857177257538","0"
"9","?","0.12103398889303207","0"
"10","?","0.11950059235095978","0"
"1","?","0.4393586218357086","0"
"2","?","0.3575432002544403","0"
"3","?","0.3186216950416565","0"
"4","36","0.25198429822921753","0"
"5","?","0.23978765308856964","0"
"6","?","0.23657305538654327","0"
"7","?","0.22401243448257446","0"
"8","?","0.2228507101535797","0"
"9","36","0.19761815667152405","0"
"10","?","0.19358837604522705","0"
"1","6","1.5307215452194214","0"
"2","?","0.869326651096344","0"
"3","?","0.7354668378829956","0"
"4","?","0.6689347624778748","0"
"5","?","0.6468755006790161","0"
"6","14","0.601448655128479","0"
"7","?","0.5881514549255371","0"
"8","?","0.582813560962677","0"
"9","?","0.5619706511497498","0"
"10","?","0.5144829154014587","0"
"1","?","1.2837649583816528","0"
"2","7","1.2837649583816528","0"
"3","?","1.2837649583816528","0"
"4","?","1.2837649583816528","0"
"5","?","0.8994132280349731","0"
"6","7","0.8614731431007385","0"
"7","?","0.822870671749115","0"
"8","?","0.8194652199745178","0"
"9","?","0.7270821928977966","0"
"10","?","0.7100613117218018","0"
"1","?","0.31761085987091064","0"
"2","3","0.2868679463863373","0"
"3","?","0.1945107877254486","0"
"4","?","0.19417887926101685","0"
"5","42","0.19197994470596313","0"
"6","?","0.1849907487630844","0"
"7","?","0.16275395452976227","0"
"8","?","0.158563494682312","0"
"9","?","0.14639168977737427","0"
"10","?","0.1321362555027008","0"
"1","?","0.3245112895965576","0"
"2","?","0.3225576877593994","0"
"3","?","0.32010436058044434","0"
"4","?","0.29631131887435913","0"
"5","?","0.27484720945358276","0"
"6","?","0.26805463433265686","0"
"7","?","0.25979647040367126","0"
"8","12","0.25852152705192566","0"
"9","?","0.2581126391887665","0"
"10","?","0.2521779239177704","0"
"1","1","0.6725779175758362","0"
"2","?","0.613452136516571","0"
"3","12","0.5562859177589417","0"
"4","?","0.5449272394180298","0"
"5","?","0.5293132662773132","0"
"6","11","0.5097609758377075","0"
"7","?","0.5067397952079773","0"
"8","13","0.5050095915794373","0"
"9","?","0.5022010803222656","0"
"10","?","0.4901132881641388","0"
"1","27","0.5471925735473633","0"
"2","?","0.503272533416748","0"
"3","27","0.4127933084964752","0"
"4","?","0.3934098780155182","0"
"5","5","0.344350665807724","0"
"6","5","0.344350665807724","0"
"7","?","0.33145350217819214","0"
"8","13","0.3230592906475067","0"
"9","?","0.3031521439552307","0"
"10","?","0.26664426922798157","0"
"1","?","0.5689511299133301","0"
"2","5","0.5599676966667175","0"
"3","37","0.5286213755607605","0"
"4","?","0.40930047631263733","0"
"5","?","0.3872646689414978","0"
"6","?","0.3684881031513214","0"
"7","37","0.35694897174835205","0"
"8","23","0.3190891146659851","0"
"9","?","0.3077903985977173","0"
"10","?","0.29442670941352844","0"
"1","?","0.3070560097694397","0"
"2","48","0.2962406575679779","0"
"3","?","0.20819956064224243","0"
"4","?","0.19686396420001984","0"
"5","?","0.19439172744750977","0"
"6","?","0.1852186918258667","0"
"7","?","0.18112784624099731","0"
"8","?","0.18008258938789368","0"
"9","?","0.17752081155776978","0"
"10","?","0.1708548218011856","0"
"1","?","0.6521286368370056","0"
"2","2","0.6162771582603455","0"
"3","?","0.3228321671485901","0"
"4","?","0.24912792444229126","0"
"5","?","0.2322595864534378","0"
"6","?","0.2253224402666092","0"
"7","?","0.21760036051273346","0"
"8","?","0.2132035344839096","0"
"9","?","0.19403499364852905","0"
"10","?","0.1928323656320572","0"
"1","1","0.625823438167572","0"
"2","?","0.466055303812027","0"
"3","?","0.3973129689693451","0"
"4","?","0.39583826065063477","0"
"5","?","0.38550859689712524","0"
"6","?","0.38502970337867737","0"
"7","30","0.3742980360984802","0"
"8","1","0.36846432089805603","0"
"9","?","0.36846432089805603","0"
"10","?","0.36846432089805603","0"
"1","?","0.23892897367477417","0"
"2","2","0.22505179047584534","0"
"3","?","0.21278266608715057","0"
"4","?","0.17768815159797668","0"
"5","?","0.17768815159797668","0"
"6","?","0.1748342663049698","0"
"7","?","0.16780580580234528","0"
"8","?","0.16663862764835358","0"
"9","?","0.1633773297071457","0"
"10","?","0.1627926528453827","0"
"1","?","0.20727883279323578","0"
"2","?","0.2071126252412796","0"
"3","?","0.2028796374797821","0"
"4","?","0.20284254848957062","0"
"5","?","0.20284254848957062","0"
"6","?","0.1666618436574936","0"
"7","?","0.16120462119579315","0"
"8","?","0.14982923865318298","0"
"9","?","0.14951829612255096","0"
"10","?","0.1484447568655014","0"
"1","?","0.5562502145767212","0"
"2","?","0.5562502145767212","0"
"3","?","0.5562502145767212","0"
"4","?","0.49166035652160645","0"
"5","?","0.48671889305114746","0"
"6","?","0.44137388467788696","0"
"7","?","0.4171876311302185","0"
"8","?","0.34765636920928955","0"
"9","1","0.31068551540374756","0"
"10","?","0.29731321334838867","0"
"1","4","0.2476879060268402","0"
"2","?","0.205417662858963","0"
"3","3","0.19954685866832733","0"
"4","?","0.19434809684753418","0"
"5","?","0.18602602183818817","0"
"6","?","0.1822693943977356","0"
"7","?","0.1822693943977356","0"
"8","?","0.1822693943977356","0"
"9","?","0.1822693943977356","0"
"10","?","0.17093463242053986","0"
"1","?","0.7077903747558594","0"
"2","?","0.3910541236400604","0"
"3","?","0.37925055623054504","0"
"4","?","0.3661571145057678","0"
"5","?","0.3661571145057678","0"
"6","?","0.3661571145057678","0"
"7","?","0.3661571145057678","0"
"8","?","0.3661571145057678","0"
"9","?","0.3661571145057678","0"
"10","?","0.3661571145057678","0"
"1","?","0.40446361899375916","0"
"2","?","0.380124568939209","0"
"3","?","0.3685130774974823","0"
"4","?","0.2659907937049866","0"
"5","?","0.24148164689540863","0"
"6","?","0.24117285013198853","0"
"7","?","0.22922325134277344","0"
"8","?","0.22386284172534943","0"
"9","?","0.2230871617794037","0"
"10","?","0.22286486625671387","0"
"1","?","0.3525441884994507","0"
"2","?","0.20136593282222748","0"
"3","?","0.15978489816188812","0"
"4","?","0.11901072412729263","0"
"5","?","0.11621939390897751","0"
"6","?","0.10667292773723602","0"
"7","?","0.09695683419704437","0"
"8","?","0.09539522230625153","0"
"9","37","0.09537875652313232","0"
"10","?","0.08939852565526962","0"
"1","31","0.9187474250793457","0"
"2","15","0.9187474250793457","0"
"3","2","0.6574782133102417","0"
"4","?","0.5249985456466675","0"
"5","?","0.25653451681137085","0"
"6","?","0.2554692029953003","0"
"7","?","0.23905177414417267","0"
"8","?","0.23328964412212372","0"
"9","?","0.2313528060913086","0"
"10","?","0.22968685626983643","0"
"1","?","0.29059892892837524","0"
"2","?","0.2905067503452301","0"
"3","?","0.2538336217403412","0"
"4","?","0.2426139861345291","0"
"5","?","0.23375752568244934","0"
"6","?","0.23374734818935394","0"
"7","?","0.23037168383598328","0"
"8","?","0.22900772094726562","0"
"9","?","0.22530756890773773","0"
"10","?","0.22140316665172577","0"
"1","?","1.463759422302246","0"
"2","?","0.7269645929336548","0"
"3","?","0.5983947515487671","0"
"4","33","0.5862069129943848","0"
"5","10","0.575289785861969","0"
"6","?","0.5664529800415039","0"
"7","?","0.4907321333885193","0"
"8","?","0.47361356019973755","0"
"9","?","0.46219322085380554","0"
"10","?","0.4507928788661957","0"
"1","3","0.8824023604393005","0"
"2","?","0.7370045185089111","0"
"3","?","0.5519534945487976","0"
"4","?","0.530652642250061","0"
"5","?","0.5205174684524536","0"
"6","?","0.519668698310852","0"
"7","1","0.5169458985328674","0"
"8","?","0.5153225660324097","0"
"9","?","0.46551886200904846","0"
"10","?","0.45720040798187256","0"
"1","1","1.2455562353134155","0"
"2","5","0.45874857902526855","0"
"3","47","0.29619404673576355","0"
"4","?","0.2777915894985199","0"
"5","?","0.26328152418136597","0"
"6","47","0.2486703246831894","0"
"7","15","0.2486703246831894","0"
"8","47","0.2486703246831894","0"
"9","?","0.2486703246831894","1"
"10","?","0.2486703246831894","0"
"1","?","0.3980080187320709","0"
"2","?","0.3980080187320709","0"
"3","?","0.3980080187320709","0"
"4","?","0.3743780255317688","0"
"5","?","0.31695201992988586","0"
"6","?","0.3034552037715912","0"
"7","?","0.26740965247154236","0"
"8","?","0.2626587748527527","0"
"9","?","0.25656962394714355","0"
"10","?","0.24882638454437256","0"
"1","?","0.3786473870277405","0"
"2","7","0.21642842888832092","0"
"3","?","0.17770642042160034","0"
"4","?","0.1556505411863327","0"
"5","?","0.15016141533851624","0"
"6","?","0.13792869448661804","0"
"7","?","0.13188357651233673","0"
"8","?","0.12259481847286224","0"
"9","?","0.1171591728925705","0"
"10","?","0.1141396164894104","0"
"1","?","0.16748708486557007","0"
"2","?","0.16041266918182373","0"
"3","?","0.15797105431556702","0"
"4","?","0.1447565108537674","0"
"5","?","0.13793839514255524","0"
"6","?","0.13724544644355774","0"
"7","?","0.1343187540769577","0"
"8","?","0.13340415060520172","0"
"9","?","0.13339640200138092","0"
"10","?","0.13295400142669678","0"
"1","2","0.839484691619873","0"
"2","?","0.7075240015983582","0"
"3","?","0.7026714086532593","0"
"4","?","0.5960262417793274","0"
"5","?","0.5522885918617249","0"
"6","?","0.531947910785675","0"
"7","?","0.4973866641521454","0"
"8","?","0.49170440435409546","0"
"9","?","0.4899566173553467","0"
"10","?","0.4765711724758148","0"
"1","?","0.3553982377052307","0"
"2","?","0.2578708529472351","0"
"3","?","0.1828322857618332","0"
"4","?","0.18217188119888306","0"
"5","?","0.18109248578548431","0"
"6","?","0.1701260656118393","0"
"7","?","0.1492077261209488","0"
"8","?","0.14816296100616455","0"
"9","?","0.14737440645694733","0"
"10","?","0.14735260605812073","0"
"1","?","0.33699673414230347","0"
"2","13","0.3227183222770691","0"
"3","?","0.21859335899353027","0"
"4","?","0.2065003663301468","0"
"5","?","0.20137056708335876","0"
"6","?","0.2008199393749237","0"
"7","?","0.20026074349880219","0"
"8","?","0.1999809890985489","0"
"9","?","0.19563008844852448","0"
"10","9","0.19515268504619598","0"
"1","31","0.9876124262809753","0"
"2","12","0.7895606756210327","0"
"3","?","0.42389020323753357","0"
"4","?","0.3845768868923187","0"
"5","33","0.3758368492126465","0"
"6","?","0.3587023913860321","0"
"7","?","0.3328096866607666","0"
"8","?","0.32987362146377563","0"
"9","?","0.3138645887374878","0"
"10","?","0.311223566532135","0"
"1","?","0.29676052927970886","0"
"2","?","0.28446683287620544","0"
"3","?","0.2823490798473358","0"
"4","?","0.2804461121559143","0"
"5","?","0.2786601781845093","0"
"6","?","0.2772950828075409","0"
"7","?","0.27679353952407837","0"
"8","?","0.2646704316139221","0"
"9","?","0.2501526176929474","0"
"10","?","0.23706074059009552","0"
"1","?","0.650833249092102","0"
"2","?","0.650833249092102","0"
"3","?","0.650833249092102","0"
"4","?","0.650833249092102","0"
"5","1","0.650833249092102","0"
"6","?","0.650833249092102","0"
"7","?","0.650833249092102","0"
"8","?","0.650833249092102","0"
"9","?","0.650833249092102","0"
"10","?","0.5694791078567505","0"
"1","?","0.8937684893608093","0"
"2","2","0.8937684893608093","0"
"3","?","0.8937684893608093","0"
"4","39","0.44688424468040466","0"
"5","?","0.40805989503860474","0"
"6","22","0.34446805715560913","0"
"7","?","0.3277156949043274","0"
"8","?","0.32746651768684387","0"
"9","?","0.3245960474014282","0"
"10","?","0.2993517816066742","0"
"1","21","0.36110231280326843","0"
"2","?","0.3521527647972107","0"
"3","?","0.3499925434589386","0"
"4","?","0.25362691283226013","0"
"5","?","0.22155281901359558","0"
"6","?","0.20417648553848267","0"
"7","?","0.19898246228694916","0"
"8","?","0.19864805042743683","0"
"9","?","0.19253556430339813","0"
"10","?","0.1866881549358368","0"
"1","?","0.9992803335189819","0"
"2","2","0.9132497310638428","0"
"3","?","0.8915249705314636","0"
"4","?","0.6849373579025269","0"
"5","?","0.5572031140327454","0"
"6","?","0.39954674243927","0"
"7","?","0.23090343177318573","0"
"8","?","0.23090343177318573","0"
"9","?","0.2283124327659607","0"
"10","?","0.21968093514442444","0"
"1","?","0.3405912518501282","0"
"2","?","0.2897070646286011","0"
"3","?","0.2897070646286011","0"
"4","?","0.2799606919288635","0"
"5","?","0.2538411617279053","0"
"6","?","0.22312337160110474","0"
"7","?","0.16148565709590912","0"
"8","?","0.16013078391551971","0"
"9","?","0.15770062804222107","0"
"10","?","0.150400772690773","0"
"1","?","0.2709026038646698","0"
"2","?","0.21438801288604736","0"
"3","?","0.20511174201965332","0"
"4","?","0.20452839136123657","0"
"5","?","0.1837960034608841","0"
"6","?","0.17607945203781128","0"
"7","?","0.17095856368541718","0"
"8","?","0.16504758596420288","0"
"9","9","0.15214815735816956","0"
"10","?","0.15154314041137695","0"
"1","?","0.17844893038272858","0"
"2","?","0.1492784023284912","0"
"3","?","0.14484350383281708","0"
"4","?","0.1416846066713333","0"
"5","?","0.13932868838310242","0"
"6","?","0.13651792705059052","0"
"7","?","0.13426551222801208","0"
"8","?","0.13163262605667114","0"
"9","?","0.1288851797580719","0"
"10","?","0.1262727975845337","0"
"1","?","0.4340305030345917","0"
"2","?","0.3797766864299774","0"
"3","?","0.36366912722587585","0"
"4","?","0.35674530267715454","0"
"5","?","0.34362927079200745","0"
"6","?","0.3332626223564148","0"
"7","?","0.3221496045589447","0"
"8","?","0.3140377402305603","0"
"9","?","0.3138648569583893","0"
"10","?","0.30358412861824036","0"
"1","?","0.5058157444000244","0"
"2","?","0.4292483329772949","0"
"3","40","0.40748924016952515","0"
"4","?","0.4054766893386841","0"
"5","?","0.3583351969718933","0"
"6","?","0.3412262499332428","0"
"7","?","0.3319688141345978","0"
"8","?","0.3305608630180359","0"
"9","?","0.3254602551460266","0"
"10","40","0.32086437940597534","0"
"1","?","0.11529146134853363","0"
"2","?","0.10994261503219604","0"
"3","?","0.10994261503219604","0"
"4","?","0.10148289799690247","0"
"5","?","0.09588625282049179","0"
"6","?","0.08807562291622162","0"
"7","?","0.08630546927452087","0"
"8","6","0.08630546927452087","0"
"9","?","0.08630546927452087","0"
"10","6","0.08630546927452087","0"
"1","?","0.12194020301103592","0"
"2","?","0.11667221784591675","0"
"3","?","0.11613627523183823","0"
"4","?","0.11555515229701996","0"
"5","?","0.1149996891617775","0"
"6","?","0.1121399998664856","0"
"7","?","0.10960814356803894","0"
"8","?","0.10939402878284454","0"
"9","?","0.10822821408510208","0"
"10","?","0.10734821110963821","0"
"1","11","1.107478380203247","0"
"2","?","1.1027706861495972","0"
"3","?","1.0949634313583374","0"
"4","?","1.0567173957824707","0"
"5","?","1.0142799615859985","0"
"6","16","0.9961172342300415","0"
"7","?","0.9661759734153748","0"
"8","?","0.9159024357795715","0"
"9","?","0.9005270600318909","0"
"10","?","0.888259768486023","0"
"1","2","0.9987120628356934","0"
"2","?","0.6195908784866333","0"
"3","?","0.3842783272266388","0"
"4","?","0.37415170669555664","0"
"5","?","0.33391788601875305","0"
"6","?","0.3223573863506317","0"
"7","?","0.32221829891204834","0"
"8","?","0.32221829891204834","0"
"9","?","0.32221829891204834","0"
"10","?","0.32221829891204834","0"
"1","?","0.5400882363319397","0"
"2","?","0.46408575773239136","0"
"3","?","0.4368389844894409","0"
"4","?","0.427350252866745","0"
"5","?","0.4108866751194","0"
"6","?","0.4025951623916626","0"
"7","?","0.3581629693508148","0"
"8","?","0.3493403494358063","0"
"9","?","0.3452881872653961","0"
"10","?","0.3439188003540039","0"
"1","?","0.23910599946975708","0"
"2","?","0.23058293759822845","0"
"3","?","0.22998586297035217","0"
"4","?","0.22836630046367645","0"
"5","?","0.22154498100280762","0"
"6","?","0.21991369128227234","0"
"7","?","0.201462522149086","0"
"8","?","0.19766893982887268","0"
"9","?","0.19507156312465668","0"
"10","?","0.19247576594352722","0"
"1","18","1.260349154472351","0"
"2","28","0.9712961912155151","0"
"3","?","0.7351834774017334","0"
"4","?","0.6435289978981018","0"
"5","?","0.510425865650177","0"
"6","?","0.45266446471214294","0"
"7","18","0.4388474225997925","0"
"8","1","0.3926205337047577","0"
"9","?","0.3628474473953247","0"
"10","?","0.28086623549461365","0"
"1","?","0.17254729568958282","0"
"2","?","0.15475036203861237","0"
"3","?","0.1513134390115738","0"
"4","?","0.15041020512580872","0"
"5","?","0.14751902222633362","0"
"6","?","0.13530340790748596","0"
"7","?","0.13265138864517212","0"
"8","?","0.12101415544748306","0"
"9","?","0.12095726281404495","0"
"10","?","0.11891992390155792","0"
"1","?","0.4261186718940735","0"
"2","?","0.4209454655647278","0"
"3","?","0.2907233238220215","0"
"4","?","0.2798442542552948","0"
"5","?","0.2794475853443146","0"
"6","?","0.26335641741752625","0"
"7","?","0.25334250926971436","0"
"8","?","0.25072190165519714","0"
"9","?","0.2493000626564026","0"
"10","?","0.24786601960659027","0"
"1","?","0.2505517899990082","0"
"2","2","0.2459082007408142","0"
"3","?","0.23784005641937256","0"
"4","?","0.23662884533405304","0"
"5","?","0.22523954510688782","1"
"6","3","0.21361099183559418","0"
"7","?","0.20940391719341278","0"
"8","?","0.2076137810945511","0"
"9","?","0.19285361468791962","0"
"10","?","0.18914972245693207","0"
"1","?","0.29418453574180603","0"
"2","?","0.1588239222764969","0"
"3","?","0.14794081449508667","0"
"4","?","0.1466587632894516","0"
"5","?","0.14217637479305267","0"
"6","?","0.13976441323757172","0"
"7","33","0.13955169916152954","0"
"8","?","0.126901775598526","0"
"9","?","0.1222151666879654","0"
"10","?","0.11330357193946838","0"
"1","?","0.8729841709136963","0"
"2","11","0.5000516176223755","0"
"3","?","0.3222007155418396","0"
"4","41","0.28300753235816956","0"
"5","?","0.2654383182525635","0"
"6","31","0.2581139802932739","0"
"7","31","0.23015768826007843","0"
"8","31","0.23015768826007843","0"
"9","27","0.22751857340335846","0"
"10","31","0.22751857340335846","0"
"1","?","0.21028195321559906","0"
"2","?","0.20695973932743073","0"
"3","?","0.1709802895784378","0"
"4","?","0.16646450757980347","0"
"5","?","0.1657228022813797","0"
"6","?","0.16505715250968933","0"
"7","?","0.16177058219909668","0"
"8","?","0.15993979573249817","0"
"9","?","0.1581505984067917","0"
"10","?","0.15153604745864868","0"
"1","?","0.17332586646080017","0"
"2","?","0.1722405105829239","0"
"3","?","0.17212516069412231","0"
"4","?","0.1679225116968155","0"
"5","?","0.16155004501342773","0"
"6","?","0.15682347118854523","0"
"7","?","0.15636946260929108","0"
"8","?","0.1563480794429779","0"
"9","?","0.15371818840503693","0"
"10","?","0.15367469191551208","0"
"1","?","0.2590271830558777","0"
"2","?","0.24340298771858215","0"
"3","?","0.23937895894050598","0"
"4","?","0.2321980595588684","0"
"5","?","0.20537015795707703","0"
"6","?","0.20443658530712128","0"
"7","?","0.2032628357410431","0"
"8","?","0.20079854130744934","0"
"9","?","0.2000441998243332","0"
"10","?","0.19925443828105927","0"
"1","47","0.6889210939407349","0"
"2","?","0.6731656193733215","0"
"3","?","0.42727747559547424","0"
"4","?","0.3617936074733734","0"
"5","?","0.3383773863315582","0"
"6","?","0.33084169030189514","0"
"7","?","0.29163095355033875","0"
"8","?","0.2629557251930237","0"
"9","?","0.2530548572540283","0"
"10","?","0.2349354773759842","0"
"1","?","0.4718492925167084","0"
"2","?","0.4427664875984192","0"
"3","?","0.40553128719329834","0"
"4","?","0.4016818702220917","0"
"5","?","0.4015143811702728","0"
"6","?","0.36228451132774353","0"
"7","?","0.33756449818611145","0"
"8","?","0.3360801041126251","0"
"9","?","0.33302590250968933","0"
"10","?","0.3302128314971924","0"
"1","?","0.42968159914016724","0"
"2","?","0.41011640429496765","0"
"3","?","0.2674182057380676","0"
"4","?","0.25827282667160034","0"
"5","?","0.23549149930477142","0"
"6","?","0.1963595300912857","0"
"7","?","0.16962102055549622","0"
"8","?","0.16463817656040192","0"
"9","?","0.15613125264644623","0"
"10","?","0.15319795906543732","0"
"1","15","0.6157171726226807","0"
"2","5","0.5688263177871704","0"
"3","?","0.44407904148101807","0"
"4","?","0.3885424733161926","0"
"5","1","0.385304719209671","0"
"6","?","0.31983789801597595","0"
"7","?","0.2921138107776642","0"
"8","?","0.2841189503669739","0"
"9","1","0.2841189503669739","0"
"10","?","0.25942137837409973","0"
"1","1","0.5274913311004639","0"
"2","?","0.5274913311004639","0"
"3","3","0.5274913311004639","0"
"4","?","0.3529312312602997","0"
"5","?","0.3504694402217865","0"
"6","?","0.35015571117401123","0"
"7","2","0.2980263829231262","0"
"8","?","0.29730141162872314","0"
"9","?","0.29730141162872314","0"
"10","?","0.2913581132888794","0"
"1","?","0.33828017115592957","0"
"2","?","0.2903865575790405","0"
"3","?","0.2611941993236542","0"
"4","?","0.22814907133579254","0"
"5","?","0.2061096876859665","0"
"6","?","0.2061096876859665","0"
"7","?","0.2061096876859665","0"
"8","?","0.2061096876859665","0"
"9","?","0.2061096876859665","0"
"10","?","0.2061096876859665","0"
"1","?","0.33426180481910706","0"
"2","?","0.2870365083217621","0"
"3","?","0.27824845910072327","0"
"4","?","0.27824845910072327","0"
"5","?","0.27824845910072327","0"
"6","?","0.25561997294425964","0"
"7","?","0.2392754852771759","0"
"8","?","0.23849865794181824","0"
"9","?","0.23849865794181824","0"
"10","?","0.23849865794181824","0"
"1","?","0.21831515431404114","0"
"2","?","0.21458277106285095","0"
"3","?","0.20882688462734222","0"
"4","?","0.20844915509223938","0"
"5","?","0.17975746095180511","0"
"6","?","0.17839916050434113","0"
"7","?","0.1782420575618744","0"
"8","?","0.1780429631471634","0"
"9","?","0.17180979251861572","0"
"10","?","0.1706385612487793","0"
"1","45","0.5966528058052063","0"
"2","?","0.4456706941127777","0"
"3","?","0.4257037937641144","0"
"4","?","0.4205690622329712","0"
"5","?","0.4200989007949829","0"
"6","45","0.39740419387817383","0"
"7","?","0.35161617398262024","0"
"8","?","0.3506467938423157","0"
"9","?","0.33094602823257446","0"
"10","?","0.32980769872665405","0"
"1","?","0.1630585789680481","0"
"2","?","0.13830257952213287","0"
"3","?","0.13238395750522614","0"
"4","?","0.0919230729341507","0"
"5","?","0.0909232348203659","0"
"6","?","0.08862553536891937","0"
"7","?","0.08851206302642822","0"
"8","?","0.08830433338880539","0"
"9","?","0.08708348870277405","0"
"10","?","0.08295057713985443","0"
"1","6","0.8076633214950562","0"
"2","?","0.35727792978286743","0"
"3","?","0.2514724135398865","0"
"4","?","0.23969237506389618","0"
"5","?","0.2293146252632141","0"
"6","?","0.22434170544147491","0"
"7","?","0.22244952619075775","0"
"8","?","0.21798217296600342","0"
"9","?","0.2163611352443695","0"
"10","?","0.21348784863948822","0"
"1","?","0.24473869800567627","0"
"2","?","0.24052348732948303","0"
"3","?","0.23463532328605652","0"
"4","?","0.20375299453735352","0"
"5","?","0.18617185950279236","0"
"6","?","0.17808808386325836","0"
"7","?","0.17346248030662537","0"
"8","?","0.1674848198890686","0"
"9","?","0.1660325676202774","0"
"10","?","0.16504764556884766","0"
"1","4","1.6739133596420288","0"
"2","?","0.5614967942237854","0"
"3","?","0.43488943576812744","0"
"4","?","0.3627670705318451","0"
"5","?","0.3614082634449005","0"
"6","?","0.3279077708721161","0"
"7","?","0.3279077708721161","0"
"8","?","0.3279077708721161","0"
"9","?","0.3279077708721161","0"
"10","?","0.3279077708721161","0"
"1","3","0.3241886794567108","0"
"2","?","0.29518792033195496","0"
"3","4","0.2795138657093048","0"
"4","?","0.2709209620952606","0"
"5","?","0.2657370865345001","0"
"6","?","0.2613614797592163","0"
"7","?","0.23284970223903656","0"
"8","?","0.23078274726867676","0"
"9","?","0.2277139127254486","0"
"10","8","0.21788892149925232","0"
"1","15","1.569869875907898","0"
"2","?","1.1213356256484985","0"
"3","?","0.8152410984039307","0"
"4","?","0.8152410984039307","0"
"5","?","0.6343231797218323","0"
"6","?","0.6343231797218323","0"
"7","?","0.611430823802948","0"
"8","?","0.611430823802948","0"
"9","?","0.5826630592346191","0"
"10","?","0.5493400692939758","0"
"1","?","0.807828426361084","0"
"2","13","0.7619410157203674","0"
"3","13","0.6749511957168579","0"
"4","?","0.6749511957168579","0"
"5","?","0.6749511957168579","0"
"6","?","0.5574703812599182","0"
"7","?","0.5403533577919006","0"
"8","?","0.47756022214889526","0"
"9","?","0.47291189432144165","0"
"10","?","0.4599747657775879","0"
"1","?","0.2799255847930908","0"
"2","?","0.1589716523885727","0"
"3","?","0.1579744964838028","0"
"4","?","0.15662610530853271","0"
"5","?","0.15585944056510925","0"
"6","?","0.144453763961792","0"
"7","?","0.14373277127742767","0"
"8","?","0.14057835936546326","0"
"9","?","0.13908414542675018","0"
"10","?","0.13634155690670013","0"
"1","?","0.22069790959358215","0"
"2","?","0.22069790959358215","0"
"3","?","0.2082441747188568","0"
"4","?","0.19797661900520325","0"
"5","?","0.1931106597185135","0"
"6","?","0.18967078626155853","0"
"7","?","0.18597601354122162","0"
"8","?","0.17849500477313995","0"
"9","?","0.17680636048316956","0"
"10","6","0.14846883714199066","0"
"1","?","0.2579917013645172","0"
"2","?","0.22759535908699036","0"
"3","?","0.1920889914035797","0"
"4","?","0.17980030179023743","0"
"5","?","0.17639148235321045","0"
"6","?","0.1707652360200882","0"
"7","?","0.16382278501987457","0"
"8","?","0.1559574007987976","0"
"9","?","0.15479248762130737","0"
"10","?","0.1546332985162735","0"
"1","?","0.2405996322631836","0"
"2","?","0.2402738332748413","0"
"3","30","0.17216959595680237","0"
"4","?","0.1645353138446808","0"
"5","?","0.15604428946971893","0"
"6","?","0.15582871437072754","0"
"7","?","0.14428706467151642","0"
"8","?","0.14347676932811737","0"
"9","?","0.13863764703273773","0"
"10","?","0.12189995497465134","0"
"1","?","0.17246666550636292","0"
"2","?","0.17235063016414642","0"
"3","35","0.1684221476316452","0"
"4","?","0.16594769060611725","0"
"5","?","0.12867410480976105","0"
"6","?","0.12100940197706223","0"
"7","?","0.11972008645534515","0"
"8","?","0.11845413595438004","0"
"9","?","0.11827725917100906","0"
"10","?","0.11656251549720764","0"
"1","?","0.21626798808574677","0"
"2","?","0.18772782385349274","0"
"3","16","0.16532225906848907","0"
"4","?","0.16242647171020508","0"
"5","?","0.16155335307121277","0"
"6","?","0.16137099266052246","0"
"7","?","0.1349889636039734","0"
"8","?","0.12304697930812836","0"
"9","?","0.11975956708192825","0"
"10","?","0.11390896886587143","0"
"1","?","0.2543259263038635","0"
"2","1","0.22759760916233063","0"
"3","?","0.216511532664299","0"
"4","?","0.20537665486335754","0"
"5","?","0.20195233821868896","0"
"6","?","0.18595647811889648","0"
"7","?","0.18558131158351898","0"
"8","?","0.18558131158351898","0"
"9","?","0.1808842271566391","0"
"10","4","0.17496773600578308","0"
"1","7","0.5776699781417847","0"
"2","?","0.4182504415512085","0"
"3","?","0.35556602478027344","0"
"4","8","0.3538844883441925","0"
"5","42","0.26427149772644043","0"
"6","30","0.2640135586261749","0"
"7","30","0.2588173747062683","0"
"8","?","0.2585230767726898","0"
"9","?","0.25838956236839294","0"
"10","?","0.24990639090538025","0"
"1","?","0.4920390546321869","0"
"2","15","0.4755607843399048","0"
"3","?","0.4318200349807739","0"
"4","?","0.4306766986846924","0"
"5","?","0.42134252190589905","0"
"6","?","0.39885714650154114","0"
"7","?","0.3795171082019806","0"
"8","?","0.3706737160682678","0"
"9","?","0.3486529588699341","0"
"10","?","0.3465760052204132","0"
"1","25","0.3801441192626953","0"
"2","?","0.3279920220375061","0"
"3","?","0.3212448060512543","0"
"4","?","0.3212448060512543","0"
"5","?","0.3212448060512543","0"
"6","?","0.3212448060512543","0"
"7","?","0.3212448060512543","0"
"8","?","0.2571169435977936","0"
"9","?","0.23611824214458466","0"
"10","?","0.22946058213710785","0"
"1","3","0.984052300453186","0"
"2","13","0.8867301940917969","0"
"3","6","0.6697481274604797","0"
"4","?","0.633519172668457","0"
"5","?","0.608756422996521","0"
"6","?","0.6014475226402283","0"
"7","?","0.5765565633773804","0"
"8","?","0.49192139506340027","0"
"9","?","0.4905920922756195","0"
"10","?","0.4407552182674408","0"
"1","?","0.530188798904419","0"
"2","?","0.46751415729522705","0"
"3","?","0.4623905122280121","0"
"4","?","0.4327637553215027","0"
"5","?","0.4306282103061676","0"
"6","?","0.4247872829437256","0"
"7","?","0.42008447647094727","0"
"8","?","0.41890448331832886","0"
"9","?","0.41824978590011597","0"
"10","?","0.40961164236068726","0"
"1","?","0.26225996017456055","0"
"2","46","0.24111561477184296","0"
"3","?","0.18785400688648224","0"
"4","?","0.18785400688648224","0"
"5","29","0.18785400688648224","0"
"6","?","0.18785400688648224","0"
"7","?","0.1560271680355072","0"
"8","?","0.15129776298999786","0"
"9","?","0.14648620784282684","0"
"10","?","0.13625191152095795","0"
"1","?","0.42945387959480286","0"
"2","?","0.42763134837150574","0"
"3","?","0.3913537561893463","0"
"4","?","0.382623553276062","0"
"5","?","0.38074982166290283","0"
"6","?","0.37394312024116516","0"
"7","?","0.3669164776802063","0"
"8","?","0.35532015562057495","0"
"9","?","0.35217592120170593","0"
"10","?","0.3501571714878082","0"
"1","?","0.5916042923927307","0"
"2","?","0.5916042923927307","0"
"3","?","0.5916042923927307","0"
"4","?","0.5916042923927307","0"
"5","?","0.5916042923927307","0"
"6","?","0.5916042923927307","0"
"7","?","0.5916042923927307","0"
"8","?","0.5916042923927307","0"
"9","?","0.5916042923927307","0"
"10","?","0.5916042923927307","0"
"1","?","0.37453338503837585","0"
"2","?","0.3470476567745209","0"
"3","?","0.33463752269744873","0"
"4","?","0.31975993514060974","0"
"5","?","0.31096652150154114","0"
"6","?","0.29599490761756897","0"
"7","?","0.282726913690567","0"
"8","?","0.281422883272171","0"
"9","?","0.27559876441955566","0"
"10","?","0.26131191849708557","0"
"1","?","0.24210484325885773","0"
"2","?","0.15403638780117035","0"
"3","?","0.15066421031951904","0"
"4","?","0.1484699547290802","0"
"5","?","0.1484699547290802","0"
"6","?","0.1453571617603302","0"
"7","?","0.12991121411323547","0"
"8","?","0.12901049852371216","0"
"9","?","0.12901049852371216","0"
"10","?","0.12852627038955688","0"
"1","48","0.27548748254776","0"
"2","?","0.2580794095993042","0"
"3","48","0.24286825954914093","0"
"4","?","0.24224990606307983","0"
"5","?","0.23432490229606628","0"
"6","?","0.2332528829574585","0"
"7","?","0.22853916883468628","0"
"8","?","0.2239217311143875","0"
"9","?","0.22081103920936584","0"
"10","?","0.2187446504831314","0"
"1","?","0.3404965400695801","0"
"2","?","0.2873426079750061","0"
"3","?","0.2749570608139038","0"
"4","?","0.2528538107872009","0"
"5","?","0.2487054020166397","0"
"6","?","0.24695956707000732","0"
"7","?","0.23989412188529968","0"
"8","?","0.2096390724182129","0"
"9","?","0.2055429220199585","0"
"10","?","0.19544734060764313","0"
"1","?","1.1949138641357422","0"
"2","?","0.9810627698898315","0"
"3","?","0.7073436975479126","0"
"4","?","0.7059224247932434","0"
"5","?","0.6759340763092041","0"
"6","?","0.6578279137611389","0"
"7","?","0.6520159244537354","0"
"8","?","0.6266379356384277","0"
"9","?","0.617834210395813","0"
"10","?","0.6113232970237732","0"
"1","1","1.0843523740768433","0"
"2","?","0.7341732978820801","0"
"3","23","0.6540480256080627","0"
"4","28","0.5281984210014343","0"
"5","?","0.4000372588634491","0"
"6","?","0.39061427116394043","0"
"7","?","0.354220986366272","0"
"8","?","0.34137648344039917","0"
"9","?","0.3386303186416626","0"
"10","3","0.3254988491535187","0"
"1","?","0.2516029179096222","0"
"2","?","0.2344639152288437","0"
"3","?","0.22813773155212402","0"
"4","?","0.2155766487121582","0"
"5","?","0.1873948723077774","0"
"6","?","0.15496107935905457","0"
"7","?","0.1528986096382141","0"
"8","?","0.1373320370912552","0"
"9","?","0.13481536507606506","0"
"10","?","0.121185302734375","0"
"1","?","0.25686025619506836","0"
"2","?","0.21212364733219147","0"
"3","?","0.20437513291835785","0"
"4","?","0.1867237389087677","0"
"5","?","0.18573929369449615","0"
"6","?","0.1855422556400299","0"
"7","?","0.18392671644687653","0"
"8","?","0.18066830933094025","0"
"9","?","0.17868924140930176","0"
"10","?","0.1778220683336258","0"
"1","?","0.14225861430168152","0"
"2","?","0.14217033982276917","0"
"3","?","0.1367758959531784","0"
"4","?","0.12450352311134338","0"
"5","?","0.11965611577033997","0"
"6","?","0.10857328772544861","0"
"7","?","0.10710449516773224","0"
"8","?","0.10709875077009201","0"
"9","?","0.10248605906963348","0"
"10","?","0.10182732343673706","0"
"1","?","1.9081414937973022","0"
"2","38","1.669623851776123","0"
"3","3","1.3212471008300781","0"
"4","9","1.1967203617095947","0"
"5","?","0.8348119258880615","0"
"6","?","0.7303082942962646","1"
"7","2","0.6825050711631775","0"
"8","?","0.5339757204055786","0"
"9","?","0.5328903794288635","0"
"10","?","0.5328903794288635","0"
"1","?","0.6294273138046265","0"
"2","?","0.6294273138046265","0"
"3","15","0.6294273138046265","0"
"4","?","0.5507489442825317","0"
"5","6","0.4944501519203186","0"
"6","?","0.47207051515579224","0"
"7","1","0.4714397192001343","0"
"8","?","0.44095131754875183","0"
"9","?","0.40037935972213745","0"
"10","?","0.39339208602905273","0"
"1","?","0.9098318219184875","0"
"2","?","0.5779486894607544","0"
"3","?","0.5329093337059021","0"
"4","?","0.47282925248146057","0"
"5","?","0.4560674726963043","0"
"6","?","0.4518013894557953","0"
"7","?","0.45048975944519043","0"
"8","8","0.4274541437625885","0"
"9","?","0.41715207695961","0"
"10","25","0.4148288369178772","0"
"1","?","0.434349924325943","0"
"2","5","0.2843436300754547","0"
"3","?","0.27143827080726624","0"
"4","?","0.27143827080726624","0"
"5","?","0.2702915072441101","0"
"6","?","0.26637372374534607","0"
"7","?","0.24010339379310608","0"
"8","?","0.24010339379310608","0"
"9","?","0.24010339379310608","0"
"10","?","0.24010339379310608","0"
"1","?","1.3074734210968018","0"
"2","11","1.0414031744003296","0"
"3","?","0.6690963506698608","0"
"4","25","0.60963374376297","0"
"5","?","0.5977450609207153","0"
"6","?","0.5652475953102112","0"
"7","?","0.5502421855926514","0"
"8","?","0.5080481171607971","0"
"9","?","0.5061776638031006","0"
"10","8","0.4563048183917999","0"
"1","?","0.4282374382019043","0"
"2","?","0.42697247862815857","0"
"3","?","0.3582792580127716","0"
"4","9","0.3490033745765686","0"
"5","?","0.34785959124565125","0"
"6","?","0.3074769377708435","0"
"7","?","0.30471715331077576","0"
"8","41","0.30317363142967224","0"
"9","?","0.30110830068588257","0"
"10","?","0.3010315001010895","0"
"1","9","1.2305917739868164","0"
"2","?","1.2305917739868164","0"
"3","26","1.2305917739868164","0"
"4","?","1.2305917739868164","0"
"5","?","1.054792881011963","0"
"6","6","0.7676270008087158","0"
"7","6","0.7430556416511536","0"
"8","3","0.6728554964065552","0"
"9","?","0.49723413586616516","0"
"10","?","0.24861706793308258","0"
"1","?","0.3304581940174103","0"
"2","?","0.3175833821296692","0"
"3","?","0.30539360642433167","0"
"4","?","0.2820526659488678","0"
"5","?","0.2740665078163147","0"
"6","2","0.2648472487926483","0"
"7","?","0.26096653938293457","0"
"8","?","0.25428739190101624","0"
"9","?","0.25015735626220703","0"
"10","?","0.24655088782310486","0"
"1","?","0.9179062843322754","0"
"2","19","0.7801477313041687","0"
"3","1","0.741712749004364","1"
"4","3","0.6370875239372253","0"
"5","19","0.596526026725769","0"
"6","3","0.4690505266189575","0"
"7","?","0.4568825960159302","0"
"8","?","0.44361206889152527","0"
"9","19","0.43222567439079285","0"
"10","19","0.3990248143672943","0"
"1","?","0.23843181133270264","0"
"2","?","0.22439874708652496","0"
"3","?","0.17882385849952698","0"
"4","?","0.17304359376430511","0"
"5","?","0.15754477679729462","0"
"6","?","0.14752215147018433","0"
"7","?","0.142014741897583","0"
"8","?","0.13815657794475555","0"
"9","?","0.13641221821308136","0"
"10","?","0.12992443144321442","0"
"1","11","0.5799674391746521","0"
"2","2","0.33681413531303406","0"
"3","?","0.3275490999221802","0"
"4","?","0.31476542353630066","0"
"5","?","0.2837045192718506","0"
"6","?","0.2766032814979553","0"
"7","?","0.2755228579044342","0"
"8","?","0.2754022777080536","0"
"9","?","0.26365628838539124","0"
"10","?","0.2581539750099182","0"
"1","?","4.9726433753967285","0"
"2","?","4.9726433753967285","0"
"3","1","4.9726433753967285","0"
"4","?","4.106863975524902","1"
"5","28","3.948070526123047","0"
"6","3","2.910879611968994","0"
"7","1","2.278668165206909","0"
"8","?","2.1469924449920654","0"
"9","?","2.1469924449920654","0"
"10","?","2.1469924449920654","0"
"1","?","0.9297370910644531","0"
"2","3","0.8388904333114624","0"
"3","?","0.4382822513580322","0"
"4","12","0.3806576728820801","0"
"5","?","0.3440970182418823","0"
"6","?","0.3426447808742523","0"
"7","?","0.3401554822921753","0"
"8","?","0.329022616147995","0"
"9","1","0.3145838975906372","0"
"10","?","0.31265074014663696","0"
"1","13","1.0400453805923462","1"
"2","?","0.9548486471176147","0"
"3","4","0.9548486471176147","0"
"4","4","0.9548486471176147","0"
"5","?","0.8703482747077942","0"
"6","?","0.8186967968940735","0"
"7","?","0.7749180793762207","0"
"8","?","0.7580758333206177","0"
"9","?","0.735248863697052","0"
"10","?","0.7309271693229675","0"
"1","?","0.5165144205093384","0"
"2","?","0.4933164715766907","0"
"3","?","0.49331581592559814","0"
"4","?","0.4422946274280548","0"
"5","?","0.4156402349472046","0"
"6","?","0.38704395294189453","0"
"7","?","0.38026705384254456","0"
"8","?","0.3711123764514923","0"
"9","?","0.36204490065574646","0"
"10","?","0.3605431020259857","0"
"1","?","0.5693759322166443","0"
"2","16","0.41829705238342285","0"
"3","?","0.3595069348812103","0"
"4","?","0.22845153510570526","0"
"5","?","0.22698190808296204","0"
"6","?","0.2258608341217041","0"
"7","?","0.20841069519519806","0"
"8","?","0.20841069519519806","0"
"9","?","0.2063552737236023","0"
"10","?","0.2039223313331604","0"
"1","?","0.25075170397758484","0"
"2","?","0.23907345533370972","0"
"3","?","0.23682302236557007","0"
"4","?","0.22478699684143066","0"
"5","?","0.20929351449012756","0"
"6","?","0.20331360399723053","0"
"7","?","0.1974194198846817","0"
"8","?","0.19596776366233826","0"
"9","?","0.18945710361003876","0"
"10","?","0.18686150014400482","0"
"1","?","0.4920991063117981","0"
"2","?","0.39439311623573303","0"
"3","?","0.28030648827552795","0"
"4","?","0.2500920593738556","0"
"5","13","0.22953815758228302","0"
"6","?","0.2022210657596588","0"
"7","?","0.19147701561450958","0"
"8","?","0.1899539679288864","0"
"9","?","0.1899539679288864","0"
"10","3","0.18722784519195557","0"
"1","?","0.9921214580535889","0"
"2","?","0.7476581931114197","0"
"3","?","0.6268576979637146","0"
"4","?","0.3721275329589844","0"
"5","?","0.3721275329589844","0"
"6","?","0.3721275329589844","0"
"7","?","0.3619164824485779","0"
"8","?","0.3134288489818573","0"
"9","?","0.275865375995636","0"
"10","?","0.2611907124519348","0"
"1","10","0.36187177896499634","0"
"2","?","0.32631295919418335","0"
"3","?","0.2417970448732376","0"
"4","?","0.23337365686893463","0"
"5","?","0.22964391112327576","0"
"6","?","0.22872509062290192","0"
"7","?","0.2285124957561493","0"
"8","2","0.2211364507675171","0"
"9","?","0.21343228220939636","0"
"10","?","0.21343228220939636","0"
"1","?","0.5582412481307983","0"
"2","?","0.5582412481307983","0"
"3","?","0.5582412481307983","0"
"4","?","0.47316795587539673","0"
"5","?","0.47316795587539673","0"
"6","?","0.44206318259239197","0"
"7","?","0.44206318259239197","0"
"8","?","0.44206318259239197","0"
"9","?","0.44206318259239197","0"
"10","?","0.44206318259239197","0"
"1","2","1.073280930519104","0"
"2","3","0.6537588238716125","0"
"3","?","0.5214360356330872","0"
"4","?","0.4828404188156128","0"
"5","?","0.45944124460220337","0"
"6","?","0.44712328910827637","0"
"7","?","0.4381464123725891","0"
"8","?","0.38137558102607727","0"
"9","1","0.37963518500328064","0"
"10","?","0.35980644822120667","0"
"1","?","0.9678846001625061","0"
"2","?","0.7728042006492615","0"
"3","?","0.7719181776046753","0"
"4","?","0.6452577114105225","0"
"5","?","0.634627640247345","1"
"6","?","0.5536865592002869","1"
"7","22","0.5370939373970032","0"
"8","?","0.5299015045166016","0"
"9","?","0.5146811008453369","0"
"10","22","0.5017331838607788","0"
"1","?","0.5614135265350342","0"
"2","?","0.2854826748371124","0"
"3","?","0.2841135561466217","0"
"4","?","0.23197375237941742","0"
"5","?","0.22761817276477814","0"
"6","?","0.21674028038978577","0"
"7","?","0.20964545011520386","0"
"8","12","0.20902013778686523","0"
"9","?","0.19746331870555878","0"
"10","?","0.1952194720506668","0"
"1","22","0.37064674496650696","0"
"2","22","0.35960081219673157","0"
"3","22","0.341876357793808","0"
"4","22","0.3289324641227722","0"
"5","22","0.31072998046875","0"
"6","22","0.30765289068222046","0"
"7","22","0.305613249540329","0"
"8","22","0.30194273591041565","0"
"9","22","0.2921254336833954","0"
"10","?","0.2851640284061432","0"
"1","?","1.0483534336090088","0"
"2","?","0.9883971214294434","0"
"3","?","0.9883971214294434","0"
"4","?","0.9883971214294434","0"
"5","?","0.9883971214294434","0"
"6","?","0.9883971214294434","0"
"7","?","0.9883971214294434","0"
"8","?","0.9883971214294434","0"
"9","?","0.9883971214294434","0"
"10","?","0.9883971214294434","0"
"1","3","1.233781337738037","0"
"2","?","0.6176461577415466","0"
"3","?","0.3691004812717438","0"
"4","?","0.3118487596511841","0"
"5","?","0.2665058970451355","0"
"6","?","0.24350066483020782","0"
"7","?","0.234680637717247","0"
"8","?","0.22584672272205353","0"
"9","?","0.218924418091774","0"
"10","?","0.20255643129348755","0"
"1","?","0.2842331528663635","0"
"2","?","0.18207667768001556","0"
"3","?","0.1679888516664505","0"
"4","?","0.16798685491085052","0"
"5","?","0.16744576394557953","0"
"6","?","0.16324786841869354","0"
"7","?","0.15748172998428345","0"
"8","?","0.15613242983818054","0"
"9","?","0.15387944877147675","0"
"10","?","0.15318669378757477","0"
"1","?","0.49386945366859436","0"
"2","?","0.4703507721424103","0"
"3","?","0.37580183148384094","0"
"4","?","0.37580183148384094","0"
"5","?","0.37580183148384094","0"
"6","3","0.37580183148384094","0"
"7","?","0.37580183148384094","0"
"8","?","0.3638441860675812","0"
"9","?","0.3408010005950928","0"
"10","?","0.330088347196579","0"
"1","?","0.3042927384376526","0"
"2","?","0.18353742361068726","0"
"3","?","0.18353742361068726","0"
"4","?","0.1657617837190628","0"
"5","?","0.1521034836769104","0"
"6","?","0.14119833707809448","0"
"7","?","0.1330905556678772","0"
"8","?","0.12969213724136353","0"
"9","?","0.1122027039527893","0"
"10","?","0.1075534000992775","0"
"1","24","0.3772033154964447","0"
"2","12","0.31168025732040405","0"
"3","3","0.26188963651657104","0"
"4","16","0.23975807428359985","0"
"5","12","0.23827868700027466","0"
"6","4","0.23393847048282623","0"
"7","?","0.19165709614753723","0"
"8","?","0.15929199755191803","0"
"9","12","0.15789732336997986","0"
"10","12","0.13555029034614563","0"
"1","?","0.5096073746681213","0"
"2","27","0.47891953587532043","0"
"3","?","0.4439032971858978","0"
"4","6","0.43629488348960876","1"
"5","?","0.38945406675338745","0"
"6","?","0.3797028660774231","0"
"7","?","0.3612802028656006","0"
"8","?","0.35535985231399536","0"
"9","?","0.3535745143890381","0"
"10","?","0.3521329462528229","0"
"1","?","0.4247683882713318","0"
"2","?","0.3844420909881592","0"
"3","?","0.34697407484054565","0"
"4","?","0.2999638319015503","0"
"5","?","0.26794368028640747","0"
"6","?","0.2654802203178406","0"
"7","?","0.25525012612342834","0"
"8","?","0.2536064088344574","0"
"9","?","0.2500930428504944","0"
"10","?","0.24295926094055176","0"
"1","?","0.4775812327861786","0"
"2","38","0.44988924264907837","0"
"3","?","0.3773238956928253","0"
"4","?","0.32346534729003906","0"
"5","?","0.3179781436920166","0"
"6","?","0.30295178294181824","0"
"7","?","0.29046085476875305","0"
"8","?","0.28187301754951477","0"
"9","?","0.26864680647850037","0"
"10","?","0.2615521252155304","0"
"1","14","0.9622742533683777","0"
"2","?","0.44171199202537537","0"
"3","?","0.41371363401412964","0"
"4","?","0.3319668471813202","0"
"5","?","0.32409432530403137","0"
"6","?","0.31541308760643005","0"
"7","?","0.3145921528339386","0"
"8","?","0.30851006507873535","0"
"9","?","0.30595865845680237","0"
"10","?","0.30353018641471863","0"
"1","?","1.9582726955413818","0"
"2","?","1.9582726955413818","0"
"3","?","1.7134885787963867","0"
"4","3","1.1991922855377197","0"
"5","?","1.0599462985992432","0"
"6","?","0.9810060858726501","0"
"7","5","0.9567863345146179","0"
"8","?","0.8898105025291443","0"
"9","?","0.8654424548149109","0"
"10","?","0.8131179213523865","0"
"1","?","0.440300852060318","0"
"2","?","0.39634886384010315","0"
"3","?","0.39634886384010315","0"
"4","?","0.39634886384010315","0"
"5","16","0.39634886384010315","0"
"6","?","0.3742317855358124","0"
"7","?","0.36485370993614197","0"
"8","?","0.36116665601730347","0"
"9","?","0.3569629192352295","0"
"10","?","0.35438209772109985","0"
"1","4","0.4091675877571106","0"
"2","5","0.3470792770385742","0"
"3","20","0.3120766878128052","0"
"4","?","0.2746609151363373","0"
"5","30","0.2130521982908249","0"
"6","30","0.2130521982908249","0"
"7","?","0.2130521982908249","0"
"8","?","0.2130521982908249","0"
"9","?","0.2130521982908249","0"
"10","?","0.2130521982908249","0"
"1","4","2.527054786682129","0"
"2","?","1.4357153177261353","0"
"3","?","1.3853347301483154","0"
"4","?","1.3853347301483154","0"
"5","?","1.218781590461731","0"
"6","1","1.1802891492843628","0"
"7","?","1.1589418649673462","0"
"8","?","1.0613923072814941","0"
"9","?","1.0390009880065918","0"
"10","?","0.927153468132019","0"
"1","?","0.27006447315216064","0"
"2","?","0.21617276966571808","0"
"3","?","0.21148066222667694","0"
"4","?","0.20754656195640564","0"
"5","?","0.19759583473205566","0"
"6","?","0.18507522344589233","0"
"7","?","0.1829603612422943","0"
"8","?","0.17121370136737823","0"
"9","?","0.16580265760421753","0"
"10","?","0.16301096975803375","0"
"1","3","2.151702880859375","0"
"2","?","1.924541711807251","0"
"3","?","0.8018923401832581","0"
"4","?","0.8018923401832581","0"
"5","?","0.5613246560096741","0"
"6","?","0.48113542795181274","0"
"7","?","0.48113542795181274","0"
"8","?","0.48113542795181274","0"
"9","?","0.4536188244819641","0"
"10","?","0.40094617009162903","0"
"1","?","1.4797102212905884","0"
"2","?","1.4648383855819702","0"
"3","?","1.4648383855819702","0"
"4","?","0.8497235178947449","0"
"5","?","0.7149670124053955","0"
"6","?","0.7145736217498779","0"
"7","?","0.7145736217498779","0"
"8","?","0.6466854810714722","0"
"9","?","0.6065555214881897","0"
"10","?","0.5960836410522461","0"
"1","4","0.6978675127029419","0"
"2","?","0.5068768858909607","0"
"3","?","0.3946394622325897","0"
"4","?","0.37686145305633545","0"
"5","?","0.37010470032691956","0"
"6","?","0.35492658615112305","0"
"7","?","0.33250367641448975","0"
"8","?","0.32616177201271057","0"
"9","?","0.30657485127449036","0"
"10","?","0.28873834013938904","0"
"1","?","1.1874680519104004","0"
"2","?","0.9721116423606873","0"
"3","?","0.8943041563034058","0"
"4","7","0.6343848705291748","0"
"5","?","0.6169094443321228","0"
"6","?","0.543256402015686","0"
"7","?","0.5330495834350586","0"
"8","?","0.5302922129631042","0"
"9","?","0.4791516661643982","0"
"10","?","0.4757886230945587","0"
"1","?","0.23952385783195496","0"
"2","?","0.2243363857269287","0"
"3","?","0.2075175791978836","0"
"4","?","0.20470237731933594","0"
"5","?","0.2038808912038803","0"
"6","?","0.19593466818332672","0"
"7","?","0.18029232323169708","0"
"8","?","0.17686855792999268","0"
"9","?","0.16822537779808044","0"
"10","?","0.16707733273506165","0"
"1","47","0.6965503692626953","0"
"2","?","0.680257260799408","0"
"3","47","0.6660694479942322","0"
"4","4","0.6486428380012512","0"
"5","?","0.5790292024612427","0"
"6","?","0.5053997039794922","0"
"7","?","0.47371599078178406","0"
"8","?","0.45370185375213623","0"
"9","47","0.4385365843772888","0"
"10","4","0.4379063844680786","0"
"1","?","0.9409269094467163","0"
"2","?","0.6109973192214966","0"
"3","?","0.540823221206665","0"
"4","?","0.4533648192882538","0"
"5","?","0.41071048378944397","0"
"6","?","0.39670106768608093","0"
"7","?","0.37944120168685913","0"
"8","?","0.354087233543396","0"
"9","?","0.3508390784263611","0"
"10","?","0.34725648164749146","0"
"1","?","0.4196985363960266","1"
"2","?","0.3780176043510437","1"
"3","?","0.3559572696685791","0"
"4","?","0.341510534286499","0"
"5","?","0.3348841965198517","1"
"6","?","0.30104172229766846","0"
"7","?","0.2950769066810608","0"
"8","?","0.2879948019981384","0"
"9","?","0.28754541277885437","0"
"10","?","0.2872452735900879","0"
"1","?","0.38720136880874634","0"
"2","?","0.3716701567173004","0"
"3","?","0.3127264976501465","0"
"4","?","0.3079031705856323","0"
"5","?","0.29659178853034973","0"
"6","?","0.27328765392303467","0"
"7","?","0.25326600670814514","0"
"8","?","0.248875692486763","0"
"9","?","0.2383456826210022","0"
"10","?","0.2338699847459793","0"
"1","?","0.5498653650283813","0"
"2","?","0.47891780734062195","0"
"3","?","0.4531604051589966","0"
"4","?","0.3960053622722626","0"
"5","?","0.38916847109794617","0"
"6","?","0.3703402280807495","0"
"7","?","0.36378538608551025","0"
"8","?","0.3394331634044647","0"
"9","?","0.3370516002178192","0"
"10","?","0.3356758952140808","0"
"1","?","0.22062546014785767","0"
"2","?","0.21415938436985016","0"
"3","?","0.20561666786670685","0"
"4","?","0.2035674750804901","0"
"5","?","0.18224437534809113","0"
"6","8","0.17814384400844574","0"
"7","?","0.1774795651435852","0"
"8","?","0.17732273042201996","0"
"9","?","0.17593571543693542","0"
"10","?","0.1738414764404297","0"
"1","4","0.36412355303764343","0"
"2","?","0.2948031425476074","0"
"3","?","0.26329973340034485","0"
"4","?","0.2512351870536804","0"
"5","12","0.24956242740154266","0"
"6","?","0.23027049005031586","0"
"7","?","0.2285022735595703","0"
"8","?","0.22811266779899597","0"
"9","?","0.2198810875415802","0"
"10","?","0.21458233892917633","0"
"1","?","0.5088754296302795","0"
"2","?","0.48945510387420654","0"
"3","?","0.48945510387420654","0"
"4","?","0.48945510387420654","0"
"5","24","0.48945510387420654","0"
"6","?","0.48945510387420654","0"
"7","?","0.48945510387420654","0"
"8","?","0.48945510387420654","0"
"9","?","0.48945510387420654","0"
"10","?","0.4543861150741577","0"
"1","?","0.7907182574272156","0"
"2","39","0.47435492277145386","0"
"3","?","0.4451889395713806","0"
"4","39","0.4345817565917969","0"
"5","?","0.429214209318161","0"
"6","39","0.3730901777744293","0"
"7","?","0.3658920228481293","0"
"8","?","0.3644886016845703","0"
"9","?","0.35695552825927734","0"
"10","?","0.3518383800983429","0"
"1","?","0.4328594207763672","0"
"2","?","0.4042791426181793","0"
"3","?","0.2983117401599884","0"
"4","?","0.29245901107788086","0"
"5","?","0.24786196649074554","0"
"6","?","0.24143381416797638","0"
"7","?","0.2298746258020401","0"
"8","?","0.2287960797548294","0"
"9","?","0.224991112947464","0"
"10","?","0.2232181280851364","0"
"1","?","0.8605962991714478","0"
"2","21","0.7702241539955139","0"
"3","1","0.7609951496124268","0"
"4","?","0.6851820945739746","0"
"5","?","0.6819074749946594","0"
"6","?","0.6794232130050659","0"
"7","2","0.6790808439254761","0"
"8","?","0.6593688726425171","0"
"9","?","0.6520057320594788","0"
"10","?","0.6402588486671448","0"
"1","5","1.2884997129440308","0"
"2","14","0.5342833995819092","0"
"3","29","0.4007125794887543","0"
"4","29","0.32500508427619934","0"
"5","?","0.2636420428752899","0"
"6","?","0.23820261657238007","0"
"7","?","0.22976678609848022","0"
"8","?","0.20426665246486664","0"
"9","29","0.18889771401882172","0"
"10","?","0.18445998430252075","0"
"1","?","0.30268532037734985","0"
"2","?","0.30268532037734985","0"
"3","?","0.30268532037734985","0"
"4","?","0.30268532037734985","0"
"5","?","0.30268532037734985","0"
"6","?","0.29139867424964905","0"
"7","?","0.28302741050720215","0"
"8","?","0.26840731501579285","0"
"9","?","0.2414875626564026","0"
"10","?","0.2382003366947174","0"
"1","?","0.2583608627319336","0"
"2","?","0.22847044467926025","0"
"3","?","0.21679429709911346","0"
"4","?","0.18798989057540894","0"
"5","?","0.1799720823764801","0"
"6","?","0.1724194437265396","0"
"7","?","0.17234428226947784","0"
"8","?","0.171838641166687","0"
"9","?","0.16223417222499847","0"
"10","?","0.16200904548168182","0"
"1","?","0.4759986996650696","0"
"2","?","0.4010869860649109","0"
"3","?","0.31318411231040955","0"
"4","?","0.2922433614730835","0"
"5","?","0.24692592024803162","0"
"6","?","0.2278493493795395","0"
"7","?","0.22593100368976593","0"
"8","?","0.2240588665008545","0"
"9","?","0.22179445624351501","0"
"10","?","0.22179445624351501","0"
"1","19","0.5600301623344421","0"
"2","?","0.4592616856098175","0"
"3","?","0.3876195251941681","0"
"4","3","0.3768031597137451","0"
"5","15","0.3731444478034973","0"
"6","?","0.34141120314598083","0"
"7","?","0.333109974861145","0"
"8","23","0.32419657707214355","0"
"9","?","0.31283196806907654","0"
"10","?","0.3114899694919586","0"
"1","?","1.0697317123413086","0"
"2","?","0.8800144195556641","0"
"3","?","0.8489038944244385","0"
"4","50","0.5936368107795715","0"
"5","50","0.5936368107795715","0"
"6","50","0.5936368107795715","0"
"7","?","0.5674574971199036","0"
"8","50","0.5653190612792969","0"
"9","?","0.5550012588500977","0"
"10","50","0.5401799082756042","0"
"1","?","0.6394012570381165","0"
"2","?","0.45497438311576843","0"
"3","?","0.4437395930290222","0"
"4","?","0.4304254353046417","0"
"5","?","0.42051467299461365","0"
"6","?","0.4168705642223358","0"
"7","?","0.38952961564064026","0"
"8","?","0.3668595552444458","0"
"9","?","0.3531782031059265","0"
"10","?","0.35018664598464966","0"
"1","3","0.24965301156044006","0"
"2","?","0.17710769176483154","0"
"3","?","0.15383319556713104","0"
"4","?","0.12898173928260803","0"
"5","?","0.1270183026790619","0"
"6","?","0.1265343874692917","0"
"7","?","0.1199859231710434","0"
"8","?","0.1199859231710434","0"
"9","?","0.116168312728405","0"
"10","?","0.11537762731313705","0"
"1","?","0.3395825922489166","0"
"2","?","0.2723780870437622","0"
"3","?","0.25898128747940063","0"
"4","?","0.25155603885650635","0"
"5","?","0.24062614142894745","0"
"6","?","0.2398984134197235","0"
"7","?","0.23400220274925232","0"
"8","?","0.23327620327472687","0"
"9","?","0.23166748881340027","0"
"10","?","0.2274034023284912","0"
"1","2","0.5045588612556458","0"
"2","?","0.21345168352127075","0"
"3","?","0.15160983800888062","0"
"4","?","0.148906871676445","0"
"5","?","0.14851130545139313","0"
"6","?","0.141325905919075","0"
"7","?","0.1369713395833969","0"
"8","?","0.1369713395833969","0"
"9","?","0.1369713395833969","0"
"10","?","0.1369713395833969","0"
"1","11","0.5475271344184875","0"
"2","6","0.49074503779411316","0"
"3","?","0.4520646631717682","0"
"4","4","0.3661990165710449","0"
"5","34","0.25468721985816956","0"
"6","?","0.24489033222198486","0"
"7","11","0.235829696059227","0"
"8","?","0.2172364443540573","0"
"9","?","0.20710459351539612","0"
"10","?","0.20573128759860992","0"
"1","?","0.3593842089176178","0"
"2","?","0.32778117060661316","0"
"3","?","0.28590407967567444","0"
"4","?","0.2848381996154785","0"
"5","?","0.27663445472717285","0"
"6","?","0.27593910694122314","0"
"7","?","0.2741614878177643","0"
"8","?","0.2661040723323822","0"
"9","?","0.26453033089637756","0"
"10","?","0.26094433665275574","0"
"1","?","1.3453084230422974","0"
"2","?","1.3453084230422974","0"
"3","?","1.3453084230422974","0"
"4","?","1.3453084230422974","0"
"5","?","1.3453084230422974","0"
"6","?","1.0089813470840454","0"
"7","?","1.0089813470840454","0"
"8","?","1.0089813470840454","0"
"9","?","1.0089813470840454","0"
"10","?","1.008579969406128","0"
"1","?","0.857843816280365","0"
"2","12","0.5301557779312134","0"
"3","26","0.23967526853084564","0"
"4","26","0.23967526853084564","0"
"5","?","0.20635485649108887","0"
"6","26","0.17358237504959106","0"
"7","7","0.1701195240020752","0"
"8","26","0.16353020071983337","0"
"9","?","0.16001953184604645","0"
"10","42","0.15979166328907013","0"
"1","?","1.2233279943466187","0"
"2","?","1.2233279943466187","0"
"3","?","1.2233279943466187","0"
"4","?","1.2233279943466187","0"
"5","?","1.2233279943466187","0"
"6","?","1.2233279943466187","0"
"7","?","1.2233279943466187","0"
"8","?","1.2233279943466187","0"
"9","?","1.2233279943466187","0"
"10","?","1.2233279943466187","0"
"1","?","0.30816829204559326","0"
"2","?","0.30639153718948364","0"
"3","?","0.2721482515335083","0"
"4","?","0.22561950981616974","0"
"5","?","0.19788692891597748","0"
"6","?","0.15303264558315277","0"
"7","?","0.15162384510040283","0"
"8","?","0.15007559955120087","0"
"9","?","0.14896011352539062","0"
"10","?","0.1466655284166336","0"
"1","?","0.569068431854248","0"
"2","?","0.3821544945240021","0"
"3","?","0.3816959857940674","0"
"4","?","0.3650754988193512","0"
"5","?","0.357553094625473","0"
"6","?","0.35061895847320557","0"
"7","?","0.34085744619369507","0"
"8","10","0.318830281496048","0"
"9","?","0.3117498755455017","0"
"10","?","0.2963988780975342","0"
"1","?","0.6428252458572388","0"
"2","?","0.44263696670532227","0"
"3","?","0.35193148255348206","0"
"4","?","0.3291742503643036","0"
"5","?","0.3213813602924347","0"
"6","?","0.312078595161438","0"
"7","?","0.28280535340309143","0"
"8","?","0.27227723598480225","0"
"9","?","0.25570249557495117","0"
"10","?","0.24355755746364594","0"
"1","?","0.48949334025382996","0"
"2","5","0.4424196779727936","0"
"3","5","0.3997398614883423","0"
"4","?","0.3960626423358917","0"
"5","?","0.37415874004364014","0"
"6","?","0.3580363988876343","0"
"7","?","0.356699675321579","0"
"8","?","0.32632195949554443","0"
"9","?","0.30934572219848633","0"
"10","?","0.308758407831192","0"
"1","?","0.3312857151031494","0"
"2","?","0.2090914100408554","0"
"3","?","0.20216254889965057","0"
"4","?","0.18447718024253845","0"
"5","?","0.18447718024253845","0"
"6","?","0.1779453456401825","0"
"7","?","0.16846878826618195","0"
"8","?","0.16141752898693085","0"
"9","?","0.16040600836277008","0"
"10","?","0.1598232239484787","0"
"1","?","0.4133637845516205","0"
"2","?","0.409209281206131","0"
"3","?","0.409209281206131","0"
"4","?","0.2865009009838104","0"
"5","?","0.24489444494247437","0"
"6","?","0.23987118899822235","0"
"7","?","0.23759149014949799","0"
"8","1","0.2250722348690033","0"
"9","?","0.21969163417816162","0"
"10","?","0.21824853122234344","0"
"1","?","0.8584869503974915","0"
"2","3","0.8427715301513672","0"
"3","?","0.8422858119010925","0"
"4","34","0.7349644303321838","0"
"5","?","0.714262843132019","0"
"6","8","0.6764225363731384","0"
"7","?","0.6426709294319153","0"
"8","17","0.6285378932952881","0"
"9","?","0.6178116202354431","0"
"10","?","0.6130505204200745","0"
"1","?","0.1734905242919922","0"
"2","?","0.17149201035499573","0"
"3","?","0.1391669660806656","1"
"4","?","0.13234612345695496","0"
"5","?","0.12876170873641968","0"
"6","?","0.12574951350688934","0"
"7","?","0.12503066658973694","0"
"8","?","0.11849958449602127","0"
"9","?","0.11660697311162949","0"
"10","?","0.1126226857304573","0"
"1","?","2.8030192852020264","0"
"2","?","2.8030192852020264","0"
"3","?","2.8030192852020264","0"
"4","?","2.8030192852020264","0"
"5","?","2.8030192852020264","0"
"6","?","2.8030192852020264","0"
"7","?","2.8030192852020264","0"
"8","?","2.8030192852020264","0"
"9","?","2.8030192852020264","0"
"10","?","2.4526419639587402","0"
"1","?","0.9555290341377258","0"
"2","?","0.9519819021224976","0"
"3","?","0.920339822769165","0"
"4","?","0.9077015519142151","0"
"5","?","0.8769897818565369","0"
"6","?","0.8198235630989075","0"
"7","?","0.812835156917572","0"
"8","?","0.8031273484230042","0"
"9","?","0.7639262080192566","0"
"10","?","0.7616948485374451","0"
"1","?","0.22714601457118988","0"
"2","?","0.20075827836990356","0"
"3","14","0.18366864323616028","0"
"4","?","0.18067233264446259","0"
"5","?","0.18027955293655396","0"
"6","?","0.1703595072031021","0"
"7","?","0.1703595072031021","0"
"8","?","0.1703595072031021","0"
"9","?","0.1703595072031021","0"
"10","?","0.16991931200027466","0"
"1","?","0.8779347538948059","0"
"2","?","0.8118314146995544","0"
"3","?","0.7607064247131348","0"
"4","?","0.7607064247131348","0"
"5","?","0.7607064247131348","0"
"6","?","0.7103525400161743","0"
"7","?","0.7103525400161743","0"
"8","?","0.7103525400161743","0"
"9","?","0.7103525400161743","0"
"10","?","0.6793718338012695","1"
"1","8","1.0275441408157349","0"
"2","28","0.7617934942245483","0"
"3","49","0.45361873507499695","0"
"4","4","0.44005146622657776","0"
"5","?","0.32806697487831116","0"
"6","?","0.31508857011795044","0"
"7","?","0.30147695541381836","0"
"8","?","0.29368335008621216","0"
"9","?","0.2797025144100189","0"
"10","?","0.26540252566337585","0"
"1","?","0.3655190169811249","0"
"2","?","0.34970420598983765","0"
"3","?","0.2425384819507599","0"
"4","?","0.2214507758617401","0"
"5","?","0.18230552971363068","0"
"6","?","0.178756982088089","0"
"7","?","0.17808067798614502","0"
"8","?","0.17785145342350006","0"
"9","?","0.17050586640834808","0"
"10","?","0.169623464345932","0"
"1","1","0.6158760190010071","0"
"2","1","0.5048825740814209","0"
"3","20","0.2877437472343445","0"
"4","?","0.28365302085876465","0"
"5","?","0.25421956181526184","0"
"6","?","0.23694844543933868","0"
"7","9","0.21124401688575745","0"
"8","?","0.1965770721435547","0"
"9","?","0.19229400157928467","0"
"10","35","0.19148069620132446","0"
"1","?","0.7203630208969116","0"
"2","4","0.7067182660102844","0"
"3","?","0.5902001261711121","0"
"4","?","0.4953513443470001","0"
"5","?","0.43786630034446716","0"
"6","49","0.42836713790893555","0"
"7","?","0.4231988787651062","0"
"8","?","0.3496760427951813","0"
"9","?","0.33948448300361633","0"
"10","?","0.33397388458251953","0"
"1","?","0.7248037457466125","0"
"2","?","0.6044376492500305","0"
"3","1","0.5338526964187622","0"
"4","?","0.5338526964187622","0"
"5","?","0.5338526964187622","0"
"6","?","0.5338526964187622","0"
"7","?","0.5338526964187622","0"
"8","?","0.4355016350746155","0"
"9","?","0.4306163489818573","0"
"10","?","0.40263304114341736","0"
"1","?","0.3860134184360504","0"
"2","?","0.28737008571624756","0"
"3","?","0.28737008571624756","0"
"4","?","0.23542696237564087","0"
"5","?","0.20179453492164612","0"
"6","?","0.19658342003822327","0"
"7","5","0.19118793308734894","0"
"8","?","0.19005833566188812","0"
"9","?","0.18591193854808807","0"
"10","?","0.1818598210811615","0"
"1","?","0.6817578077316284","0"
"2","30","0.5977065563201904","0"
"3","1","0.5836005210876465","0"
"4","?","0.5458894968032837","0"
"5","?","0.5155412554740906","0"
"6","?","0.48851993680000305","0"
"7","?","0.48068922758102417","0"
"8","?","0.4635418951511383","0"
"9","3","0.4325264096260071","0"
"10","?","0.43165260553359985","0"
"1","35","0.24569040536880493","0"
"2","?","0.1876751035451889","0"
"3","?","0.17474138736724854","0"
"4","?","0.1711784303188324","0"
"5","?","0.15238942205905914","0"
"6","?","0.14883120357990265","0"
"7","?","0.1297658085823059","0"
"8","?","0.1261943280696869","0"
"9","?","0.1229933351278305","0"
"10","?","0.12074904143810272","0"
"1","4","0.5648472309112549","0"
"2","16","0.40447404980659485","0"
"3","?","0.2625197172164917","0"
"4","?","0.2625197172164917","0"
"5","?","0.22970475256443024","0"
"6","?","0.21511627733707428","0"
"7","?","0.21511627733707428","0"
"8","?","0.18388314545154572","0"
"9","?","0.17641681432724","0"
"10","?","0.15018624067306519","0"
"1","?","0.9772831201553345","0"
"2","?","0.9028704762458801","0"
"3","?","0.8969818353652954","0"
"4","?","0.7994792461395264","0"
"5","?","0.7994792461395264","0"
"6","?","0.7994792461395264","0"
"7","?","0.7994792461395264","0"
"8","19","0.7994792461395264","0"
"9","?","0.7994792461395264","0"
"10","?","0.7994792461395264","0"
"1","?","0.4474174976348877","0"
"2","1","0.43769949674606323","0"
"3","?","0.3954649269580841","0"
"4","?","0.34248265624046326","0"
"5","?","0.31637194752693176","0"
"6","35","0.31637194752693176","0"
"7","?","0.31637194752693176","0"
"8","?","0.29060620069503784","0"
"9","?","0.2768254578113556","0"
"10","?","0.2739861309528351","0"
"1","1","0.7878720164299011","0"
"2","?","0.5662052035331726","0"
"3","14","0.4958106577396393","0"
"4","?","0.47488680481910706","0"
"5","?","0.4445212185382843","0"
"6","?","0.42680564522743225","0"
"7","?","0.424724817276001","0"
"8","?","0.4122026860713959","0"
"9","?","0.4085564911365509","0"
"10","?","0.39754030108451843","0"
"1","2","0.700143039226532","0"
"2","17","0.4926081895828247","0"
"3","50","0.4666506350040436","0"
"4","18","0.4379981756210327","0"
"5","?","0.42385339736938477","0"
"6","?","0.42385339736938477","0"
"7","?","0.418574720621109","0"
"8","4","0.4083227813243866","0"
"9","?","0.39961281418800354","0"
"10","?","0.39961281418800354","0"
"1","?","0.2926482856273651","0"
"2","?","0.24619702994823456","0"
"3","?","0.22426314651966095","0"
"4","4","0.21978101134300232","0"
"5","?","0.20970189571380615","0"
"6","?","0.19649112224578857","0"
"7","?","0.1961255818605423","0"
"8","16","0.1915966421365738","0"
"9","10","0.1831287294626236","0"
"10","?","0.1707276850938797","0"
"1","25","0.7807990312576294","0"
"2","1","0.7263588905334473","0"
"3","?","0.6470574140548706","0"
"4","?","0.6454939842224121","1"
"5","?","0.6347368359565735","0"
"6","?","0.6243090033531189","0"
"7","?","0.5491276383399963","0"
"8","?","0.5094039440155029","0"
"9","?","0.4820401668548584","0"
"10","?","0.4786992371082306","0"
"1","?","0.23246924579143524","0"
"2","?","0.2131340354681015","0"
"3","?","0.2131340354681015","0"
"4","?","0.2131340354681015","0"
"5","?","0.19432224333286285","0"
"6","?","0.18649227917194366","0"
"7","?","0.18649227917194366","0"
"8","?","0.18649227917194366","0"
"9","?","0.1737106293439865","0"
"10","?","0.169023334980011","0"
"1","?","0.9987239837646484","0"
"2","6","0.681087076663971","0"
"3","?","0.5834171772003174","0"
"4","?","0.5139739513397217","0"
"5","?","0.4865545630455017","0"
"6","?","0.35100850462913513","0"
"7","?","0.3304208815097809","0"
"8","?","0.2652924954891205","0"
"9","?","0.2616197168827057","0"
"10","?","0.2518541216850281","0"
"1","3","0.7626359462738037","0"
"2","3","0.7237076163291931","0"
"3","?","0.6332974433898926","0"
"4","4","0.5467821359634399","0"
"5","?","0.5143287777900696","0"
"6","?","0.5027137398719788","0"
"7","?","0.48577919602394104","0"
"8","?","0.48430725932121277","0"
"9","1","0.4576043486595154","0"
"10","?","0.4293444752693176","0"
"1","4","1.549715280532837","0"
"2","?","0.6247450113296509","0"
"3","?","0.5895358920097351","0"
"4","?","0.42634886503219604","0"
"5","42","0.3839893043041229","0"
"6","25","0.372140109539032","0"
"7","?","0.35561883449554443","0"
"8","10","0.3521520793437958","0"
"9","?","0.3473646640777588","0"
"10","?","0.331030935049057","0"
"1","19","0.49549633264541626","0"
"2","?","0.4780091643333435","0"
"3","?","0.4389391541481018","0"
"4","2","0.4137563109397888","0"
"5","?","0.4112718403339386","0"
"6","?","0.3975084125995636","0"
"7","?","0.3564777672290802","0"
"8","?","0.33860743045806885","0"
"9","6","0.336736798286438","0"
"10","?","0.32124605774879456","0"
"1","?","0.2911260426044464","0"
"2","?","0.25539103150367737","0"
"3","?","0.19997236132621765","0"
"4","?","0.17358337342739105","0"
"5","?","0.1699148416519165","0"
"6","?","0.1560707688331604","0"
"7","3","0.15023615956306458","0"
"8","?","0.1501327008008957","0"
"9","?","0.1427452713251114","0"
"10","?","0.14019779860973358","0"
"1","?","0.4724577069282532","0"
"2","?","0.4446771740913391","0"
"3","?","0.2980482876300812","0"
"4","?","0.2977372705936432","0"
"5","?","0.26567235589027405","0"
"6","?","0.2500639259815216","0"
"7","?","0.22699888050556183","0"
"8","?","0.21849387884140015","0"
"9","?","0.2101898044347763","0"
"10","?","0.2089393436908722","0"
"1","?","0.46822619438171387","0"
"2","?","0.46801623702049255","0"
"3","?","0.4089571535587311","0"
"4","?","0.40174251794815063","0"
"5","?","0.32219699025154114","0"
"6","?","0.3163958191871643","0"
"7","?","0.3049849569797516","0"
"8","?","0.3008100390434265","0"
"9","4","0.2922138571739197","1"
"10","?","0.2905159294605255","0"
"1","?","0.35363876819610596","0"
"2","28","0.33195778727531433","0"
"3","?","0.3285316526889801","0"
"4","?","0.3174830377101898","0"
"5","28","0.3129160702228546","0"
"6","?","0.3032380938529968","0"
"7","28","0.29974231123924255","0"
"8","28","0.298017293214798","0"
"9","28","0.2841974198818207","0"
"10","28","0.2665439546108246","0"
"1","?","0.4644208252429962","0"
"2","?","0.4446110129356384","0"
"3","?","0.43419522047042847","0"
"4","?","0.430330365896225","0"
"5","?","0.37240806221961975","0"
"6","?","0.37240806221961975","0"
"7","29","0.3529564142227173","0"
"8","?","0.3477984368801117","0"
"9","?","0.34561169147491455","0"
"10","?","0.3170047998428345","0"
"1","12","1.5586090087890625","0"
"2","?","1.5223064422607422","0"
"3","?","1.5223064422607422","0"
"4","?","1.0802583694458008","0"
"5","?","1.0511075258255005","0"
"6","?","0.9726489782333374","0"
"7","?","0.9061303734779358","0"
"8","?","0.8297395706176758","0"
"9","?","0.7893243432044983","0"
"10","?","0.7432452440261841","0"
"1","?","0.2430393248796463","0"
"2","?","0.23246175050735474","0"
"3","?","0.2257019579410553","0"
"4","?","0.2018505483865738","0"
"5","?","0.18785744905471802","0"
"6","?","0.17899663746356964","0"
"7","?","0.16784529387950897","0"
"8","?","0.16604410111904144","0"
"9","?","0.1615801453590393","0"
"10","?","0.15391956269741058","0"
"1","?","0.6673639416694641","0"
"2","5","0.6257545351982117","0"
"3","?","0.30827754735946655","0"
"4","?","0.2584375739097595","0"
"5","?","0.2417498379945755","0"
"6","?","0.22458192706108093","0"
"7","?","0.19847087562084198","0"
"8","?","0.19822706282138824","0"
"9","?","0.19744382798671722","0"
"10","?","0.18882958590984344","0"
"1","?","0.28950992226600647","0"
"2","?","0.2858969569206238","0"
"3","?","0.26581114530563354","0"
"4","?","0.22091731429100037","0"
"5","?","0.21590855717658997","0"
"6","?","0.19203822314739227","0"
"7","?","0.18908150494098663","0"
"8","?","0.18865036964416504","0"
"9","?","0.18331386148929596","0"
"10","?","0.18256910145282745","0"
"1","?","0.6127740144729614","1"
"2","?","0.3221728801727295","0"
"3","?","0.3197518587112427","0"
"4","?","0.3159809708595276","0"
"5","?","0.28452742099761963","0"
"6","?","0.27539706230163574","0"
"7","1","0.2713129222393036","0"
"8","?","0.2666949927806854","0"
"9","?","0.26378893852233887","0"
"10","?","0.2553955316543579","0"
"1","1","0.2739669382572174","0"
"2","?","0.26291128993034363","0"
"3","1","0.19062179327011108","0"
"4","1","0.18362300097942352","0"
"5","1","0.18104152381420135","0"
"6","1","0.13558471202850342","0"
"7","1","0.13342894613742828","0"
"8","1","0.12690263986587524","0"
"9","1","0.12606418132781982","0"
"10","1","0.12548361718654633","0"
"1","5","0.945965588092804","0"
"2","?","0.58228999376297","0"
"3","?","0.47201773524284363","0"
"4","?","0.4359983801841736","0"
"5","?","0.4306550621986389","0"
"6","?","0.4232174754142761","0"
"7","?","0.4130155146121979","0"
"8","?","0.38341987133026123","0"
"9","?","0.364210844039917","0"
"10","?","0.36219000816345215","0"
"1","3","0.3341403901576996","0"
"2","?","0.3213261365890503","0"
"3","?","0.25190436840057373","0"
"4","?","0.22143149375915527","0"
"5","?","0.22038894891738892","0"
"6","?","0.22023077309131622","0"
"7","?","0.21282649040222168","0"
"8","?","0.20064346492290497","0"
"9","?","0.1955711543560028","0"
"10","40","0.17811612784862518","0"
"1","2","0.6212186813354492","0"
"2","2","0.5404457449913025","0"
"3","?","0.26310062408447266","0"
"4","?","0.2527981996536255","0"
"5","2","0.24377763271331787","0"
"6","9","0.23887066543102264","0"
"7","?","0.2240494340658188","0"
"8","?","0.1772584617137909","0"
"9","?","0.1732373684644699","0"
"10","?","0.17242099344730377","0"
"1","?","0.28760746121406555","0"
"2","?","0.17877411842346191","0"
"3","?","0.16809909045696259","0"
"4","?","0.1631406545639038","0"
"5","?","0.16260340809822083","0"
"6","?","0.15263687074184418","0"
"7","?","0.14992760121822357","0"
"8","?","0.14853598177433014","0"
"9","?","0.1482585221529007","0"
"10","?","0.14591969549655914","0"
"1","6","0.2581397294998169","0"
"2","?","0.19250789284706116","0"
"3","?","0.19059696793556213","0"
"4","?","0.18763096630573273","0"
"5","?","0.17506800591945648","0"
"6","?","0.15540066361427307","0"
"7","?","0.1529408097267151","0"
"8","?","0.1516754925251007","0"
"9","?","0.14370429515838623","0"
"10","?","0.14148807525634766","0"
"1","?","0.41695261001586914","0"
"2","?","0.41695261001586914","0"
"3","?","0.41695261001586914","0"
"4","?","0.41695261001586914","0"
"5","?","0.41695261001586914","0"
"6","?","0.41695261001586914","0"
"7","?","0.41695261001586914","0"
"8","?","0.41695261001586914","0"
"9","?","0.41695261001586914","0"
"10","?","0.41695261001586914","0"
"1","?","0.2455632984638214","0"
"2","?","0.17660188674926758","0"
"3","?","0.16744844615459442","0"
"4","?","0.14924652874469757","0"
"5","?","0.14924652874469757","0"
"6","?","0.14924652874469757","0"
"7","?","0.14465495944023132","0"
"8","?","0.13059070706367493","0"
"9","?","0.13059070706367493","0"
"10","?","0.13059070706367493","0"
"1","?","0.3972129225730896","0"
"2","?","0.3232892155647278","0"
"3","?","0.2824527621269226","0"
"4","?","0.27734309434890747","0"
"5","?","0.266593337059021","0"
"6","?","0.2623925507068634","0"
"7","?","0.2577114701271057","0"
"8","2","0.2234552949666977","0"
"9","?","0.22107622027397156","0"
"10","?","0.16887526214122772","0"
"1","?","0.302653044462204","0"
"2","?","0.29820558428764343","0"
"3","?","0.28327375650405884","0"
"4","?","0.25960734486579895","0"
"5","?","0.251640647649765","0"
"6","?","0.24599304795265198","0"
"7","?","0.23046481609344482","0"
"8","?","0.22714675962924957","0"
"9","?","0.2191648930311203","0"
"10","10","0.21346111595630646","0"
"1","?","0.3907751739025116","0"
"2","?","0.3465512990951538","0"
"3","?","0.2944375276565552","0"
"4","?","0.27796852588653564","0"
"5","?","0.25962409377098083","0"
"6","?","0.24697290360927582","0"
"7","?","0.24236415326595306","0"
"8","?","0.2199980914592743","0"
"9","?","0.21030013263225555","0"
"10","?","0.19617120921611786","0"
"1","?","0.6260490417480469","0"
"2","6","0.5152869820594788","0"
"3","?","0.512074887752533","0"
"4","?","0.48186296224594116","0"
"5","?","0.4666629135608673","0"
"6","?","0.4647505283355713","0"
"7","?","0.44296133518218994","0"
"8","?","0.44156768918037415","0"
"9","?","0.43579432368278503","0"
"10","?","0.42343178391456604","0"
"1","3","0.9487674832344055","0"
"2","?","0.47056469321250916","0"
"3","?","0.4631636142730713","0"
"4","?","0.43606600165367126","0"
"5","?","0.43451255559921265","0"
"6","?","0.38632476329803467","0"
"7","?","0.3746877610683441","0"
"8","?","0.3655131757259369","0"
"9","?","0.3626948297023773","0"
"10","?","0.3597313165664673","0"
"1","?","0.18366798758506775","0"
"2","?","0.17540571093559265","0"
"3","?","0.17031681537628174","0"
"4","?","0.16348950564861298","0"
"5","?","0.15352943539619446","0"
"6","?","0.1487148553133011","0"
"7","?","0.1483224779367447","0"
"8","?","0.14391310513019562","0"
"9","?","0.14391310513019562","0"
"10","?","0.14391310513019562","0"
"1","?","0.33081984519958496","0"
"2","5","0.3212988078594208","0"
"3","?","0.31196945905685425","0"
"4","21","0.25971171259880066","0"
"5","?","0.25037339329719543","0"
"6","2","0.19905292987823486","0"
"7","?","0.19280952215194702","0"
"8","?","0.18341752886772156","0"
"9","?","0.17877206206321716","0"
"10","?","0.17720603942871094","0"
"1","3","0.9613935351371765","0"
"2","?","0.4718628525733948","0"
"3","14","0.4259524345397949","0"
"4","?","0.4233023524284363","0"
"5","?","0.41845521330833435","0"
"6","?","0.4096109867095947","0"
"7","?","0.4096109867095947","0"
"8","?","0.4096109867095947","0"
"9","?","0.4096109867095947","0"
"10","?","0.38007304072380066","0"
"1","1","0.4516737163066864","0"
"2","?","0.45004236698150635","0"
"3","2","0.4323038160800934","0"
"4","?","0.26583653688430786","0"
"5","?","0.24580886960029602","0"
"6","?","0.24220521748065948","0"
"7","?","0.2185116559267044","0"
"8","?","0.2165863960981369","0"
"9","?","0.18358144164085388","0"
"10","?","0.18247175216674805","0"
"1","8","0.6770339012145996","0"
"2","?","0.42588216066360474","0"
"3","?","0.32522881031036377","0"
"4","?","0.31015411019325256","0"
"5","5","0.28106778860092163","0"
"6","8","0.26040369272232056","0"
"7","?","0.22361506521701813","0"
"8","?","0.21068114042282104","0"
"9","?","0.20062194764614105","0"
"10","?","0.18241995573043823","0"
"1","?","0.27900129556655884","0"
"2","?","0.23518405854701996","0"
"3","?","0.2180604487657547","0"
"4","?","0.2070787400007248","0"
"5","?","0.18743896484375","0"
"6","2","0.18716920912265778","0"
"7","?","0.17558161914348602","0"
"8","?","0.17516787350177765","0"
"9","?","0.17443148791790009","0"
"10","?","0.1718209683895111","0"
"1","?","0.2678976058959961","0"
"2","?","0.2640567421913147","0"
"3","?","0.2616483271121979","0"
"4","?","0.2582043707370758","0"
"5","?","0.24791787564754486","0"
"6","?","0.24443049728870392","0"
"7","?","0.24406346678733826","0"
"8","?","0.24367068707942963","0"
"9","?","0.2434041053056717","0"
"10","?","0.2414301633834839","0"
"1","?","0.12356662005186081","0"
"2","?","0.10672132670879364","0"
"3","?","0.0946805328130722","0"
"4","?","0.09411866217851639","0"
"5","?","0.0903424471616745","0"
"6","?","0.08725797384977341","0"
"7","?","0.08540401607751846","0"
"8","?","0.08444680273532867","0"
"9","?","0.08235401660203934","0"
"10","?","0.0822896957397461","0"
"1","?","0.5343302488327026","0"
"2","?","0.5174044966697693","0"
"3","?","0.5082191228866577","0"
"4","?","0.439487099647522","0"
"5","?","0.39850568771362305","0"
"6","?","0.3208845555782318","0"
"7","?","0.30265721678733826","0"
"8","?","0.2949275076389313","0"
"9","?","0.2797120213508606","0"
"10","?","0.27186742424964905","0"
"1","?","0.29898327589035034","0"
"2","?","0.2728486955165863","0"
"3","?","0.234206423163414","0"
"4","?","0.2284952700138092","0"
"5","?","0.22176435589790344","0"
"6","?","0.2136288285255432","0"
"7","?","0.2136288285255432","0"
"8","?","0.21355947852134705","0"
"9","?","0.21102610230445862","0"
"10","?","0.210341215133667","0"
"1","3","1.2226345539093018","0"
"2","4","1.1958891153335571","0"
"3","?","1.0671230554580688","0"
"4","?","0.7821486592292786","0"
"5","?","0.7715159058570862","0"
"6","?","0.7150585651397705","0"
"7","?","0.6304700970649719","0"
"8","?","0.5343151092529297","0"
"9","8","0.49758610129356384","0"
"10","21","0.4580392837524414","0"
"1","?","0.38621091842651367","0"
"2","?","0.3384065330028534","0"
"3","?","0.3050173819065094","0"
"4","?","0.2960229814052582","0"
"5","?","0.27998706698417664","0"
"6","?","0.2779048979282379","0"
"7","?","0.27550777792930603","0"
"8","?","0.27340734004974365","0"
"9","?","0.26341739296913147","0"
"10","?","0.2547784447669983","0"
"1","?","0.23193371295928955","0"
"2","?","0.18780334293842316","0"
"3","?","0.18780334293842316","0"
"4","?","0.1737135350704193","0"
"5","?","0.15992233157157898","0"
"6","37","0.14622746407985687","0"
"7","?","0.14085251092910767","0"
"8","?","0.1341921091079712","0"
"9","?","0.1327970176935196","0"
"10","?","0.12613748013973236","0"
"1","?","0.7380958199501038","0"
"2","?","0.682502269744873","0"
"3","12","0.5755008459091187","0"
"4","?","0.5225972533226013","0"
"5","?","0.45662882924079895","0"
"6","?","0.453755646944046","0"
"7","?","0.4503178000450134","0"
"8","?","0.44794127345085144","0"
"9","?","0.4110720455646515","0"
"10","?","0.3880409896373749","0"
"1","?","0.3660857677459717","0"
"2","?","0.3265339732170105","0"
"3","?","0.29807382822036743","0"
"4","?","0.28819969296455383","0"
"5","?","0.26835182309150696","0"
"6","?","0.2645433247089386","0"
"7","?","0.2566475570201874","0"
"8","?","0.2564414143562317","0"
"9","?","0.25321075320243835","0"
"10","?","0.25152987241744995","0"
"1","?","0.2009958028793335","0"
"2","?","0.1899879276752472","0"
"3","?","0.1735965460538864","0"
"4","?","0.16061291098594666","0"
"5","?","0.14575108885765076","0"
"6","?","0.1455346792936325","0"
"7","?","0.1379222273826599","0"
"8","?","0.1318589150905609","0"
"9","?","0.13006116449832916","1"
"10","?","0.1298637092113495","0"
"1","?","0.13701680302619934","0"
"2","?","0.1349543184041977","0"
"3","?","0.12028818577528","0"
"4","?","0.10941353440284729","0"
"5","?","0.10888157784938812","0"
"6","?","0.10714574158191681","0"
"7","?","0.10523833334445953","0"
"8","?","0.10330396145582199","0"
"9","?","0.10323773324489594","0"
"10","?","0.10298140347003937","0"
"1","?","0.34668704867362976","0"
"2","?","0.3462204039096832","0"
"3","?","0.34565991163253784","0"
"4","?","0.3354393541812897","0"
"5","?","0.299678772687912","0"
"6","?","0.288882315158844","0"
"7","?","0.2822849750518799","0"
"8","?","0.27741488814353943","0"
"9","?","0.2692060172557831","0"
"10","?","0.26702624559402466","0"
"1","10","0.28637808561325073","0"
"2","?","0.2507038116455078","0"
"3","?","0.23850436508655548","0"
"4","10","0.23850436508655548","0"
"5","?","0.2369084507226944","0"
"6","?","0.2126498967409134","0"
"7","?","0.20992785692214966","0"
"8","?","0.19366398453712463","0"
"9","?","0.1919478178024292","0"
"10","?","0.1663244217634201","0"
"1","11","0.3893677890300751","0"
"2","?","0.24589279294013977","0"
"3","?","0.2170065939426422","0"
"4","?","0.21541620790958405","0"
"5","?","0.2109345644712448","0"
"6","?","0.2109345644712448","0"
"7","?","0.2109345644712448","0"
"8","?","0.207950159907341","0"
"9","?","0.207950159907341","0"
"10","?","0.20368093252182007","0"
"1","?","0.33126100897789","0"
"2","?","0.3264963626861572","0"
"3","?","0.29325318336486816","0"
"4","?","0.28958380222320557","0"
"5","?","0.272158682346344","0"
"6","?","0.272158682346344","0"
"7","?","0.2689504325389862","0"
"8","?","0.2689504325389862","0"
"9","?","0.26714450120925903","0"
"10","?","0.259916216135025","0"
"1","?","0.397197425365448","0"
"2","29","0.38359224796295166","0"
"3","?","0.36514827609062195","0"
"4","?","0.3463227450847626","0"
"5","?","0.30441814661026","0"
"6","?","0.2970176935195923","0"
"7","?","0.28314638137817383","0"
"8","?","0.27994704246520996","0"
"9","?","0.2785574495792389","0"
"10","?","0.2685376703739166","0"
"1","6","0.31478145718574524","0"
"2","?","0.30508604645729065","0"
"3","?","0.2733616530895233","0"
"4","?","0.2707987129688263","0"
"5","?","0.26591798663139343","0"
"6","?","0.25222349166870117","0"
"7","?","0.24627375602722168","0"
"8","?","0.2390911877155304","0"
"9","?","0.2381283938884735","0"
"10","?","0.23668356239795685","0"
"1","?","0.76102215051651","0"
"2","?","0.5874053239822388","0"
"3","?","0.5727946758270264","0"
"4","?","0.5475022792816162","0"
"5","?","0.5328577160835266","0"
"6","6","0.5236718654632568","0"
"7","?","0.49545761942863464","0"
"8","?","0.49387654662132263","0"
"9","?","0.4780554175376892","0"
"10","?","0.4664333760738373","0"
"1","?","0.3488697409629822","0"
"2","?","0.27249982953071594","0"
"3","?","0.26994457840919495","0"
"4","?","0.24456964433193207","0"
"5","?","0.2382611632347107","0"
"6","?","0.2290736585855484","0"
"7","?","0.22599057853221893","0"
"8","?","0.21090511977672577","0"
"9","?","0.20258088409900665","0"
"10","?","0.201930433511734","0"
"1","?","0.5135744214057922","0"
"2","?","0.2730444371700287","0"
"3","?","0.2650507390499115","0"
"4","?","0.2613561749458313","0"
"5","?","0.2565882205963135","0"
"6","?","0.24933978915214539","0"
"7","?","0.24034279584884644","0"
"8","?","0.23816268146038055","0"
"9","?","0.2250683456659317","0"
"10","?","0.2203819453716278","0"
"1","9","0.4612014889717102","0"
"2","13","0.3842484951019287","0"
"3","?","0.2814125418663025","0"
"4","?","0.26424869894981384","0"
"5","?","0.2567465603351593","0"
"6","?","0.24623596668243408","0"
"7","?","0.24623596668243408","0"
"8","?","0.24623596668243408","0"
"9","?","0.24623596668243408","0"
"10","?","0.24317395687103271","0"
"1","2","0.3052929639816284","0"
"2","2","0.28665226697921753","0"
"3","?","0.19905401766300201","0"
"4","?","0.1931927353143692","0"
"5","?","0.1838061809539795","0"
"6","?","0.1783873438835144","0"
"7","?","0.17623992264270782","0"
"8","9","0.17195051908493042","0"
"9","?","0.16763630509376526","0"
"10","?","0.16166670620441437","0"
"1","?","0.34554633498191833","0"
"2","?","0.30888405442237854","0"
"3","?","0.29754602909088135","0"
"4","?","0.29613974690437317","0"
"5","?","0.2897148132324219","0"
"6","13","0.2882712483406067","0"
"7","?","0.2835395336151123","0"
"8","?","0.28316837549209595","0"
"9","?","0.28203585743904114","0"
"10","?","0.27472808957099915","0"
"1","11","0.4243820011615753","0"
"2","1","0.38858383893966675","0"
"3","?","0.3518103063106537","0"
"4","?","0.34681251645088196","0"
"5","?","0.3406106233596802","0"
"6","?","0.33741918206214905","0"
"7","?","0.33631259202957153","0"
"8","?","0.33540934324264526","0"
"9","?","0.33258357644081116","0"
"10","?","0.3309452533721924","0"
"1","?","0.46478042006492615","0"
"2","?","0.4642651677131653","0"
"3","?","0.42308321595191956","0"
"4","?","0.35447388887405396","0"
"5","?","0.3192954659461975","0"
"6","?","0.3177250027656555","0"
"7","?","0.31740039587020874","0"
"8","?","0.3152962923049927","0"
"9","?","0.3101632297039032","0"
"10","?","0.28035861253738403","0"
"1","?","0.2258606106042862","0"
"2","?","0.2065001279115677","0"
"3","?","0.1691330522298813","0"
"4","?","0.15111558139324188","0"
"5","?","0.15064506232738495","0"
"6","?","0.14929179847240448","0"
"7","?","0.1486298143863678","0"
"8","?","0.1452770233154297","0"
"9","?","0.1441122442483902","0"
"10","?","0.13968110084533691","0"
"1","?","0.5229707956314087","0"
"2","?","0.3364751935005188","0"
"3","?","0.2957938313484192","0"
"4","?","0.28970497846603394","0"
"5","?","0.28970497846603394","0"
"6","?","0.28970497846603394","0"
"7","?","0.28970497846603394","0"
"8","?","0.2718903422355652","0"
"9","?","0.26532381772994995","0"
"10","?","0.2581102252006531","0"
"1","21","0.25316324830055237","0"
"2","18","0.24579672515392303","0"
"3","?","0.21302683651447296","0"
"4","?","0.1994868367910385","0"
"5","?","0.1586412936449051","0"
"6","?","0.15822702646255493","0"
"7","?","0.15142112970352173","0"
"8","2","0.13565142452716827","0"
"9","?","0.1278160